Algorithm,Input_Size,Energy_Consumption,CPU_Usage,Memory_Usage,Run_Time
Quick Sort,Small,87.45,72.22,439.13,2.76
Quick Sort,Small,77.93,23.26,87.75,13.06
Quick Sort,Small,103.69,11.75,680.44,12.57
Quick Sort,Small,91.51,28.05,168.19,3.16
Quick Sort,Small,83.63,46.72,239.3,9.37
Quick Sort,Small,51.3,21.86,239.89,5.81
Quick Sort,Small,101.98,26.97,384.25,9.09
Quick Sort,Small,76.61,13.95,444.9,2.97
Quick Sort,Small,70.99,68.16,336.1,2.27
Quick Sort,Small,75.62,52.09,72.35,13.69
Quick Sort,Small,92.34,36.5,388.04,8.43
Quick Sort,Small,61.69,25.71,680.23,11.74
Quick Sort,Small,91.08,17.52,177.39,1.16
Quick Sort,Small,82.57,37.65,302.64,4.43
Quick Sort,Small,73.09,33.88,402.75,2.54
Quick Sort,Small,95.86,78.19,98.46,14.81
Quick Sort,Small,69.85,10.47,580.05,10.75
Quick Sort,Small,89.18,71.97,551.33,1.57
Quick Sort,Small,67.41,83.36,455.14,5.3
Quick Sort,Small,75.36,15.4,252.14,5.22
Quick Sort,Small,92.19,85.41,356.94,2.23
Quick Sort,Small,100.34,70.63,544.51,8.64
Quick Sort,Small,79.46,54.43,327.9,0.87
Quick Sort,Small,103.47,19.17,70.43,9.73
Quick Sort,Small,81.38,87.14,212.04,6.45
Quick Sort,Small,50.19,74.22,198.72,1.62
Quick Sort,Small,67.87,89.02,575.28,9.68
Quick Sort,Small,72.47,84.07,572.39,3.21
Quick Sort,Small,81.46,78.63,632.46,5.11
Quick Sort,Small,94.53,19.35,198.16,6.69
Quick Sort,Small,84.44,10.59,381.99,6.55
Quick Sort,Small,83.92,28.88,127.91,5.4
Quick Sort,Small,77.58,54.1,506.96,5.77
Quick Sort,Small,86.06,92.6,675.59,4.15
Quick Sort,Small,51.22,34.21,73.98,9.34
Quick Sort,Small,79.6,52.73,83.46,4.54
Quick Sort,Small,77.11,22.32,368.14,14.79
Quick Sort,Small,84.52,30.57,486.89,11.54
Quick Sort,Small,91.87,41.26,461.0,9.69
Quick Sort,Small,66.36,55.54,108.69,12.61
Quick Sort,Small,65.14,13.47,434.08,10.32
Quick Sort,Small,71.51,11.41,382.86,3.78
Quick Sort,Small,64.07,68.73,301.38,14.08
Quick Sort,Small,87.1,21.69,271.69,2.15
Quick Sort,Small,92.2,79.46,410.88,8.18
Quick Sort,Small,61.54,30.56,110.52,13.51
Quick Sort,Small,83.9,38.82,276.99,11.03
Quick Sort,Small,91.73,86.25,626.61,11.81
Quick Sort,Small,69.8,23.74,634.06,9.29
Quick Sort,Small,83.48,10.78,115.96,10.12
Quick Sort,Small,107.99,65.42,195.78,10.83
Quick Sort,Small,87.11,30.17,261.51,11.32
Quick Sort,Small,94.45,65.9,419.4,1.86
Quick Sort,Small,86.19,41.26,222.38,4.04
Quick Sort,Small,78.84,85.82,460.24,12.02
Quick Sort,Small,85.12,52.72,424.99,7.64
Quick Sort,Small,89.39,33.87,65.81,9.86
Quick Sort,Small,67.14,25.05,661.3,14.33
Quick Sort,Small,76.65,11.31,653.41,6.71
Quick Sort,Small,90.71,92.17,676.35,12.87
Quick Sort,Small,67.3,82.35,256.0,2.96
Quick Sort,Small,57.28,57.33,658.5,10.59
Quick Sort,Small,66.74,62.28,693.54,2.53
Quick Sort,Small,82.31,54.06,620.29,11.24
Quick Sort,Small,96.25,40.56,240.83,12.24
Quick Sort,Small,95.81,78.86,613.6,13.74
Quick Sort,Small,87.73,77.86,472.48,10.68
Quick Sort,Small,137.79,77.64,628.5,5.4
Quick Sort,Small,68.41,59.15,73.36,7.25
Quick Sort,Small,76.45,56.12,236.25,9.07
Quick Sort,Small,72.92,20.8,389.46,11.66
Quick Sort,Small,96.33,28.34,454.88,1.74
Quick Sort,Small,80.68,55.95,464.33,11.03
Quick Sort,Small,70.23,92.95,385.6,5.18
Quick Sort,Small,70.07,47.31,101.0,0.87
Quick Sort,Small,92.79,91.83,593.39,10.59
Quick Sort,Small,62.0,23.3,212.66,8.46
Quick Sort,Small,74.98,70.74,479.13,4.56
Quick Sort,Small,111.83,45.67,211.03,5.66
Quick Sort,Small,95.49,74.42,59.36,2.18
Quick Sort,Small,86.66,50.3,113.59,7.63
Quick Sort,Small,91.62,50.25,162.58,6.79
Quick Sort,Small,104.49,63.98,79.45,5.93
Quick Sort,Small,58.55,63.2,377.04,12.92
Quick Sort,Small,65.28,16.0,467.57,0.88
Quick Sort,Small,86.93,59.79,661.15,8.84
Quick Sort,Small,103.79,48.95,404.65,14.15
Quick Sort,Small,61.43,42.82,674.77,13.63
Quick Sort,Small,84.21,16.05,257.33,12.75
Quick Sort,Small,70.66,11.98,579.4,4.59
Quick Sort,Small,85.36,63.46,620.36,11.16
Quick Sort,Small,69.61,78.3,233.32,3.07
Quick Sort,Small,91.21,94.19,318.2,5.89
Quick Sort,Small,89.16,76.0,271.52,14.0
Quick Sort,Small,76.73,73.82,540.45,2.0
Quick Sort,Small,96.48,86.72,378.41,12.48
Quick Sort,Small,90.23,43.08,57.04,13.63
Quick Sort,Small,75.35,17.76,257.55,14.28
Quick Sort,Small,81.45,63.71,341.49,4.75
Quick Sort,Small,88.93,37.94,487.14,11.41
Quick Sort,Medium,229.36,17.75,371.37,1.33
Quick Sort,Medium,229.43,56.71,336.99,13.37
Quick Sort,Medium,207.62,22.15,544.98,9.46
Quick Sort,Medium,215.18,18.6,104.67,10.66
Quick Sort,Medium,212.93,17.21,691.32,5.93
Quick Sort,Medium,223.48,41.5,578.32,14.24
Quick Sort,Medium,209.22,76.06,412.96,6.65
Quick Sort,Medium,216.8,87.04,122.28,7.64
Quick Sort,Medium,219.72,14.79,127.23,2.2
Quick Sort,Medium,215.67,65.18,534.93,8.96
Quick Sort,Medium,218.37,34.29,614.59,3.74
Quick Sort,Medium,226.03,91.87,57.9,14.56
Quick Sort,Medium,223.36,16.27,410.01,14.55
Quick Sort,Medium,220.19,54.46,459.11,10.59
Quick Sort,Medium,252.3,59.67,635.75,1.16
Quick Sort,Medium,208.49,33.88,667.77,13.41
Quick Sort,Medium,252.85,33.58,172.28,7.22
Quick Sort,Medium,207.88,40.03,429.38,1.63
Quick Sort,Medium,225.13,36.31,578.97,10.43
Quick Sort,Medium,248.14,23.82,642.1,12.43
Quick Sort,Medium,200.2,89.28,612.94,1.16
Quick Sort,Medium,247.47,12.24,294.7,12.25
Quick Sort,Medium,194.3,92.44,597.38,12.66
Quick Sort,Medium,240.31,49.84,319.63,4.46
Quick Sort,Medium,220.08,75.36,664.1,12.82
Quick Sort,Medium,220.7,31.02,342.85,2.37
Quick Sort,Medium,221.8,29.43,486.61,9.46
Quick Sort,Medium,227.72,40.44,123.81,10.24
Quick Sort,Medium,243.27,54.21,603.92,8.5
Quick Sort,Medium,221.74,57.68,619.82,6.35
Quick Sort,Medium,229.68,69.85,188.43,2.48
Quick Sort,Medium,240.53,11.24,277.88,9.05
Quick Sort,Medium,202.25,86.85,276.37,7.95
Quick Sort,Medium,189.41,76.61,307.75,9.52
Quick Sort,Medium,194.45,49.03,687.02,7.64
Quick Sort,Medium,219.17,37.94,461.71,3.98
Quick Sort,Medium,225.5,25.46,274.68,13.5
Quick Sort,Medium,205.9,50.29,483.91,3.0
Quick Sort,Medium,212.05,25.05,107.66,2.25
Quick Sort,Medium,208.11,49.17,184.12,5.78
Quick Sort,Medium,249.47,13.34,569.62,9.6
Quick Sort,Medium,220.53,16.95,617.83,13.85
Quick Sort,Medium,218.32,78.53,536.37,3.18
Quick Sort,Medium,216.69,27.79,290.81,7.53
Quick Sort,Medium,197.27,49.32,535.86,1.03
Quick Sort,Medium,240.5,31.46,513.68,13.48
Quick Sort,Medium,266.18,19.11,340.82,8.22
Quick Sort,Medium,236.79,30.61,225.01,5.97
Quick Sort,Medium,210.3,20.18,628.84,9.11
Quick Sort,Medium,203.78,67.72,562.96,7.73
Quick Sort,Medium,221.16,59.88,534.54,6.76
Quick Sort,Medium,207.08,20.84,234.45,5.76
Quick Sort,Medium,233.89,40.27,691.23,9.28
Quick Sort,Medium,248.64,30.16,116.16,2.72
Quick Sort,Medium,210.24,25.86,235.31,3.01
Quick Sort,Medium,212.69,86.23,102.15,8.11
Quick Sort,Medium,224.06,19.52,308.61,14.56
Quick Sort,Medium,219.25,83.57,581.1,4.24
Quick Sort,Medium,227.51,89.0,411.9,8.79
Quick Sort,Medium,205.34,33.8,550.17,3.21
Quick Sort,Medium,208.55,53.15,207.57,2.17
Quick Sort,Medium,192.93,61.9,237.61,8.93
Quick Sort,Medium,219.01,55.27,83.69,5.38
Quick Sort,Medium,201.83,21.43,91.19,14.85
Quick Sort,Medium,235.09,31.64,492.98,11.52
Quick Sort,Medium,211.35,60.63,356.52,6.47
Quick Sort,Medium,228.66,80.6,677.27,2.3
Quick Sort,Medium,216.95,72.12,659.92,3.13
Quick Sort,Medium,221.3,58.83,597.19,2.53
Quick Sort,Medium,217.66,77.6,181.06,2.87
Quick Sort,Medium,225.92,66.54,389.99,5.7
Quick Sort,Medium,213.69,84.56,305.09,12.34
Quick Sort,Medium,189.43,49.33,245.9,11.34
Quick Sort,Medium,204.88,52.73,200.94,13.54
Quick Sort,Medium,232.44,87.05,455.75,2.2
Quick Sort,Medium,186.83,89.89,458.01,5.36
Quick Sort,Medium,225.08,62.71,396.75,13.46
Quick Sort,Medium,213.77,77.03,148.59,5.02
Quick Sort,Medium,232.46,12.85,420.43,11.56
Quick Sort,Medium,207.16,84.53,272.35,12.41
Quick Sort,Medium,215.95,77.77,147.45,3.82
Quick Sort,Medium,205.32,71.39,518.02,9.8
Quick Sort,Medium,226.2,31.4,274.7,3.13
Quick Sort,Medium,248.15,87.22,429.2,6.31
Quick Sort,Medium,229.82,23.03,431.05,7.84
Quick Sort,Medium,219.17,61.97,61.77,13.15
Quick Sort,Medium,221.64,69.22,649.62,10.75
Quick Sort,Medium,230.89,22.97,424.59,9.3
Quick Sort,Medium,243.9,89.42,651.62,7.04
Quick Sort,Medium,212.33,19.63,690.15,12.66
Quick Sort,Medium,220.84,60.26,309.35,1.29
Quick Sort,Medium,236.41,38.49,571.85,0.57
Quick Sort,Medium,204.82,55.68,647.91,5.52
Quick Sort,Medium,195.18,39.49,529.38,7.06
Quick Sort,Medium,216.11,21.97,164.65,7.73
Quick Sort,Medium,197.45,45.61,644.65,5.75
Quick Sort,Medium,247.73,11.11,481.3,3.08
Quick Sort,Medium,236.9,91.69,146.63,6.51
Quick Sort,Medium,258.6,15.7,537.47,3.54
Quick Sort,Medium,220.89,86.33,183.34,3.26
Quick Sort,Large,449.51,58.01,92.71,11.75
Quick Sort,Large,441.85,48.53,390.85,6.89
Quick Sort,Large,468.69,23.2,168.25,13.0
Quick Sort,Large,418.9,90.42,292.65,4.43
Quick Sort,Large,433.34,12.16,151.5,10.88
Quick Sort,Large,476.28,66.01,67.61,3.72
Quick Sort,Large,460.83,11.68,117.67,12.1
Quick Sort,Large,433.06,25.18,474.28,3.95
Quick Sort,Large,446.4,71.39,606.2,12.54
Quick Sort,Large,444.38,43.76,484.26,3.47
Quick Sort,Large,458.9,11.11,105.58,3.51
Quick Sort,Large,445.36,12.26,167.93,8.95
Quick Sort,Large,463.86,79.48,272.18,4.26
Quick Sort,Large,447.23,42.27,433.69,4.39
Quick Sort,Large,430.79,56.92,333.48,4.77
Quick Sort,Large,476.32,90.62,546.34,2.53
Quick Sort,Large,449.44,86.04,569.91,6.67
Quick Sort,Large,466.55,11.91,224.64,8.35
Quick Sort,Large,429.78,21.85,592.7,14.77
Quick Sort,Large,461.15,54.68,161.59,4.45
Quick Sort,Large,452.94,33.29,410.22,9.95
Quick Sort,Large,435.32,80.53,184.17,0.66
Quick Sort,Large,453.84,61.04,482.27,3.04
Quick Sort,Large,464.74,87.73,322.2,6.06
Quick Sort,Large,440.63,24.13,529.72,1.7
Quick Sort,Large,450.39,61.27,209.48,6.14
Quick Sort,Large,436.15,71.12,243.13,8.71
Quick Sort,Large,429.72,50.46,481.39,14.08
Quick Sort,Large,437.12,12.65,220.47,9.13
Quick Sort,Large,460.5,14.37,372.64,9.15
Quick Sort,Large,467.24,19.06,98.84,11.06
Quick Sort,Large,439.45,52.12,497.46,6.8
Quick Sort,Large,460.62,77.95,501.55,4.45
Quick Sort,Large,441.56,60.17,284.63,1.83
Quick Sort,Large,448.88,25.74,402.24,13.16
Quick Sort,Large,459.31,72.24,574.26,10.05
Quick Sort,Large,462.51,31.22,368.13,3.71
Quick Sort,Large,456.89,93.95,663.64,1.07
Quick Sort,Large,456.44,25.35,419.16,13.77
Quick Sort,Large,453.12,12.89,503.32,4.81
Quick Sort,Large,449.41,83.27,598.96,5.13
Quick Sort,Large,460.22,80.46,74.05,9.15
Quick Sort,Large,443.48,16.54,502.59,5.43
Quick Sort,Large,445.36,71.61,92.48,5.07
Quick Sort,Large,471.7,37.09,456.83,13.35
Quick Sort,Large,452.95,62.35,201.42,0.85
Quick Sort,Large,451.23,89.82,569.21,14.97
Quick Sort,Large,465.98,39.81,548.67,6.33
Quick Sort,Large,484.48,84.26,689.65,11.64
Quick Sort,Large,444.56,45.51,323.88,11.19
Quick Sort,Large,443.7,40.14,236.71,4.8
Quick Sort,Large,445.77,29.86,77.36,0.76
Quick Sort,Large,449.48,42.67,491.77,3.66
Quick Sort,Large,453.51,90.75,561.12,1.8
Quick Sort,Large,464.76,90.3,353.81,9.39
Quick Sort,Large,446.79,24.2,694.26,3.86
Quick Sort,Large,452.5,61.66,383.25,3.84
Quick Sort,Large,457.39,25.0,193.32,3.2
Quick Sort,Large,440.44,14.92,679.92,13.31
Quick Sort,Large,467.84,88.86,696.69,3.02
Quick Sort,Large,471.31,69.16,150.03,12.33
Quick Sort,Large,441.44,29.08,195.48,8.29
Quick Sort,Large,473.21,17.78,620.35,4.35
Quick Sort,Large,476.94,21.01,627.69,14.36
Quick Sort,Large,454.29,65.7,408.06,1.76
Quick Sort,Large,455.02,44.72,292.25,4.27
Quick Sort,Large,449.5,16.89,193.12,10.41
Quick Sort,Large,476.92,16.47,603.28,7.68
Quick Sort,Large,487.9,80.1,276.08,10.33
Quick Sort,Large,442.04,58.09,223.57,13.24
Quick Sort,Large,458.86,82.3,613.74,10.77
Quick Sort,Large,466.63,81.15,503.36,10.36
Quick Sort,Large,470.73,23.48,622.57,13.14
Quick Sort,Large,459.73,12.49,586.78,2.37
Quick Sort,Large,468.1,23.66,581.68,12.57
Quick Sort,Large,437.75,53.13,54.15,4.66
Quick Sort,Large,452.87,63.7,218.87,9.69
Quick Sort,Large,450.7,55.9,556.9,2.05
Quick Sort,Large,453.74,91.85,272.22,9.67
Quick Sort,Large,473.66,89.22,116.63,14.09
Quick Sort,Large,443.3,35.58,510.31,1.48
Quick Sort,Large,452.91,59.48,274.82,9.5
Quick Sort,Large,441.62,74.45,65.98,0.82
Quick Sort,Large,455.66,37.51,367.62,11.67
Quick Sort,Large,441.67,33.26,698.13,6.68
Quick Sort,Large,478.22,48.37,156.36,12.02
Quick Sort,Large,434.68,17.0,492.32,9.99
Quick Sort,Large,460.63,33.23,668.06,2.69
Quick Sort,Large,459.75,45.68,465.04,6.27
Quick Sort,Large,448.51,33.31,689.59,6.44
Quick Sort,Large,446.38,28.11,70.24,9.95
Quick Sort,Large,455.28,41.32,611.83,7.36
Quick Sort,Large,455.14,75.53,599.11,11.53
Quick Sort,Large,456.85,63.23,135.31,0.97
Quick Sort,Large,452.95,77.71,362.99,2.2
Quick Sort,Large,460.64,20.64,495.62,6.74
Quick Sort,Large,449.4,15.46,428.28,4.4
Quick Sort,Large,428.54,77.79,251.74,7.1
Quick Sort,Large,443.22,61.0,239.58,10.58
Quick Sort,Large,413.64,83.11,556.9,1.07
Quick Sort,Extra Large,785.5,30.57,691.33,2.57
Quick Sort,Extra Large,799.28,52.41,451.8,10.69
Quick Sort,Extra Large,796.69,37.75,386.51,1.77
Quick Sort,Extra Large,800.4,39.8,71.58,1.64
Quick Sort,Extra Large,784.98,58.24,498.15,12.11
Quick Sort,Extra Large,795.78,27.01,158.86,2.02
Quick Sort,Extra Large,820.99,12.68,658.54,1.25
Quick Sort,Extra Large,813.87,56.01,510.89,13.13
Quick Sort,Extra Large,813.43,38.85,579.64,1.66
Quick Sort,Extra Large,809.53,86.06,405.94,12.35
Quick Sort,Extra Large,831.13,54.74,525.53,1.68
Quick Sort,Extra Large,789.66,15.13,210.62,2.81
Quick Sort,Extra Large,795.19,92.95,268.98,3.14
Quick Sort,Extra Large,806.36,77.12,478.16,7.72
Quick Sort,Extra Large,825.91,29.42,697.62,14.63
Quick Sort,Extra Large,806.54,65.28,179.7,10.36
Quick Sort,Extra Large,796.14,83.8,522.66,11.27
Quick Sort,Extra Large,774.97,46.17,274.86,5.88
Quick Sort,Extra Large,803.37,47.28,521.42,7.56
Quick Sort,Extra Large,815.71,84.24,635.46,6.61
Quick Sort,Extra Large,809.78,87.55,186.93,9.53
Quick Sort,Extra Large,776.35,63.68,526.52,2.41
Quick Sort,Extra Large,807.41,25.27,204.4,14.59
Quick Sort,Extra Large,803.91,25.38,605.35,7.64
Quick Sort,Extra Large,808.15,47.85,384.63,5.71
Quick Sort,Extra Large,794.44,60.4,156.29,6.17
Quick Sort,Extra Large,780.58,75.75,135.07,14.56
Quick Sort,Extra Large,817.41,48.57,203.43,1.57
Quick Sort,Extra Large,801.15,38.65,588.77,6.75
Quick Sort,Extra Large,780.76,31.14,451.14,10.75
Quick Sort,Extra Large,794.77,13.12,528.66,10.13
Quick Sort,Extra Large,794.76,50.34,598.71,12.18
Quick Sort,Extra Large,815.45,27.5,122.75,4.41
Quick Sort,Extra Large,803.58,14.85,395.26,14.08
Quick Sort,Extra Large,810.99,36.87,379.7,1.1
Quick Sort,Extra Large,798.79,22.61,691.31,14.49
Quick Sort,Extra Large,813.74,48.65,385.14,7.59
Quick Sort,Extra Large,805.2,66.68,140.77,0.93
Quick Sort,Extra Large,816.62,27.16,487.73,14.56
Quick Sort,Extra Large,784.4,17.98,487.19,6.93
Quick Sort,Extra Large,797.14,68.87,594.77,14.2
Quick Sort,Extra Large,803.26,68.08,373.16,9.46
Quick Sort,Extra Large,803.02,12.58,655.12,10.5
Quick Sort,Extra Large,815.76,67.5,190.19,10.05
Quick Sort,Extra Large,824.5,19.06,477.6,14.99
Quick Sort,Extra Large,782.8,14.1,685.16,6.4
Quick Sort,Extra Large,804.82,58.2,529.99,13.24
Quick Sort,Extra Large,806.33,44.35,262.57,10.18
Quick Sort,Extra Large,808.96,77.81,333.13,12.36
Quick Sort,Extra Large,810.52,20.22,403.92,0.58
Quick Sort,Extra Large,783.56,43.67,502.05,6.13
Quick Sort,Extra Large,778.4,48.14,204.4,5.91
Quick Sort,Extra Large,824.63,62.66,351.27,6.01
Quick Sort,Extra Large,815.15,83.38,387.4,7.45
Quick Sort,Extra Large,779.16,59.31,396.84,9.31
Quick Sort,Extra Large,775.32,75.02,578.44,10.91
Quick Sort,Extra Large,811.38,30.7,652.57,1.37
Quick Sort,Extra Large,804.22,89.43,278.55,1.97
Quick Sort,Extra Large,774.61,34.21,249.74,12.14
Quick Sort,Extra Large,798.52,55.83,252.35,9.35
Quick Sort,Extra Large,785.16,45.15,129.23,3.13
Quick Sort,Extra Large,814.11,67.9,167.93,8.11
Quick Sort,Extra Large,790.98,58.22,216.77,14.46
Quick Sort,Extra Large,804.8,51.1,573.9,8.48
Quick Sort,Extra Large,801.88,90.87,441.05,12.38
Quick Sort,Extra Large,793.56,85.16,198.25,3.57
Quick Sort,Extra Large,778.96,81.39,635.02,5.62
Quick Sort,Extra Large,826.24,30.13,557.34,4.48
Quick Sort,Extra Large,795.58,66.74,112.1,9.55
Quick Sort,Extra Large,818.72,48.4,431.3,2.94
Quick Sort,Extra Large,809.51,28.42,112.21,0.84
Quick Sort,Extra Large,806.21,64.57,444.61,8.43
Quick Sort,Extra Large,791.64,60.53,372.9,14.82
Quick Sort,Extra Large,779.45,21.6,501.84,6.36
Quick Sort,Extra Large,825.17,68.86,694.32,2.36
Quick Sort,Extra Large,791.7,18.85,520.82,8.89
Quick Sort,Extra Large,794.31,17.28,631.22,3.28
Quick Sort,Extra Large,796.95,37.49,197.33,5.65
Quick Sort,Extra Large,800.51,15.75,570.23,3.89
Quick Sort,Extra Large,788.45,55.9,622.05,9.94
Quick Sort,Extra Large,770.09,38.31,485.17,14.92
Quick Sort,Extra Large,805.61,66.26,412.56,11.09
Quick Sort,Extra Large,789.42,57.8,672.46,3.04
Quick Sort,Extra Large,799.16,68.65,180.61,8.27
Quick Sort,Extra Large,798.33,74.27,275.92,10.14
Quick Sort,Extra Large,786.44,77.61,652.67,3.9
Quick Sort,Extra Large,783.62,94.36,652.55,8.33
Quick Sort,Extra Large,795.25,81.57,388.62,9.54
Quick Sort,Extra Large,802.88,20.86,586.94,11.84
Quick Sort,Extra Large,795.36,70.24,73.5,4.9
Quick Sort,Extra Large,788.21,17.45,659.02,8.53
Quick Sort,Extra Large,780.03,35.97,308.04,6.98
Quick Sort,Extra Large,805.83,88.15,373.03,14.89
Quick Sort,Extra Large,837.39,82.37,185.53,13.99
Quick Sort,Extra Large,801.23,42.35,620.68,13.09
Quick Sort,Extra Large,798.52,78.5,563.52,4.92
Quick Sort,Extra Large,797.38,24.75,501.72,5.52
Quick Sort,Extra Large,788.66,92.93,466.63,12.43
Quick Sort,Extra Large,799.62,61.53,547.13,3.04
Quick Sort,Extra Large,812.27,52.72,309.13,2.62
Merge Sort,Small,80.86,17.06,155.15,14.48
Merge Sort,Small,87.2,58.96,678.47,7.05
Merge Sort,Small,90.97,50.16,136.57,9.97
Merge Sort,Small,60.37,32.28,460.34,10.1
Merge Sort,Small,86.8,19.65,696.77,1.81
Merge Sort,Small,112.36,70.6,689.72,4.35
Merge Sort,Small,80.8,70.37,109.24,8.13
Merge Sort,Small,85.46,94.74,582.8,9.61
Merge Sort,Small,104.24,57.16,338.43,2.83
Merge Sort,Small,67.73,85.93,353.36,3.72
Merge Sort,Small,72.45,81.2,532.18,11.77
Merge Sort,Small,62.97,15.88,332.18,7.74
Merge Sort,Small,81.81,57.82,205.58,1.17
Merge Sort,Small,95.88,34.3,684.8,12.22
Merge Sort,Small,89.77,23.78,415.21,7.36
Merge Sort,Small,98.69,82.55,131.79,7.84
Merge Sort,Small,83.35,73.99,369.89,6.26
Merge Sort,Small,76.73,46.56,359.45,11.99
Merge Sort,Small,79.96,70.05,345.69,4.57
Merge Sort,Small,105.6,82.27,94.21,13.62
Merge Sort,Small,122.36,67.75,633.92,9.91
Merge Sort,Small,80.91,64.11,111.99,8.26
Merge Sort,Small,96.9,55.98,498.54,1.58
Merge Sort,Small,79.83,21.78,521.28,2.01
Merge Sort,Small,69.79,42.98,558.03,10.26
Merge Sort,Small,75.43,29.82,179.69,2.38
Merge Sort,Small,107.79,36.2,83.2,2.15
Merge Sort,Small,100.78,92.43,256.13,11.77
Merge Sort,Small,68.67,31.45,146.47,9.61
Merge Sort,Small,112.52,76.97,475.66,8.42
Merge Sort,Small,80.35,93.4,449.19,9.15
Merge Sort,Small,103.92,74.85,581.41,10.19
Merge Sort,Small,84.53,89.25,211.51,6.21
Merge Sort,Small,77.41,49.57,346.83,9.58
Merge Sort,Small,86.68,85.95,476.86,5.0
Merge Sort,Small,85.85,80.28,612.66,12.85
Merge Sort,Small,87.49,75.4,360.14,12.79
Merge Sort,Small,94.24,73.28,559.16,10.19
Merge Sort,Small,92.72,93.77,660.55,1.6
Merge Sort,Small,70.55,28.19,152.99,11.16
Merge Sort,Small,82.07,55.47,599.64,11.26
Merge Sort,Small,98.8,58.38,441.92,8.12
Merge Sort,Small,98.48,70.11,620.19,9.91
Merge Sort,Small,63.59,75.89,170.85,7.46
Merge Sort,Small,86.86,79.01,198.54,8.77
Merge Sort,Small,77.24,73.65,458.07,3.63
Merge Sort,Small,107.95,59.34,73.29,11.65
Merge Sort,Small,80.85,17.82,539.81,3.83
Merge Sort,Small,88.19,41.15,163.8,5.28
Merge Sort,Small,96.29,85.13,697.69,6.16
Merge Sort,Small,115.9,85.9,443.62,6.48
Merge Sort,Small,84.01,48.01,508.24,1.05
Merge Sort,Small,67.12,78.54,128.58,9.23
Merge Sort,Small,108.94,53.48,474.67,1.91
Merge Sort,Small,113.13,59.85,450.2,10.47
Merge Sort,Small,120.09,79.4,239.99,12.55
Merge Sort,Small,77.73,19.68,280.57,11.99
Merge Sort,Small,89.95,71.61,566.83,8.24
Merge Sort,Small,72.87,41.26,343.43,2.24
Merge Sort,Small,87.1,32.65,446.88,11.3
Merge Sort,Small,74.64,65.89,564.96,2.66
Merge Sort,Small,117.81,47.79,599.08,6.37
Merge Sort,Small,118.27,29.76,298.21,5.68
Merge Sort,Small,113.15,17.1,85.24,12.64
Merge Sort,Small,92.11,38.9,662.63,4.63
Merge Sort,Small,63.47,49.37,619.82,12.79
Merge Sort,Small,97.7,51.65,374.27,2.87
Merge Sort,Small,82.01,21.45,528.6,7.95
Merge Sort,Small,114.92,76.24,170.11,9.54
Merge Sort,Small,83.14,25.83,543.37,10.2
Merge Sort,Small,88.5,35.94,225.6,13.69
Merge Sort,Small,86.94,34.96,241.33,11.63
Merge Sort,Small,112.39,20.23,377.17,1.47
Merge Sort,Small,85.93,20.01,641.06,2.95
Merge Sort,Small,53.64,42.79,636.9,1.31
Merge Sort,Small,103.26,68.1,676.94,8.84
Merge Sort,Small,66.56,73.47,688.22,4.59
Merge Sort,Small,82.06,67.33,194.8,8.91
Merge Sort,Small,97.0,63.68,290.19,2.6
Merge Sort,Small,89.47,27.1,211.95,4.51
Merge Sort,Small,93.01,56.87,142.3,13.04
Merge Sort,Small,107.23,72.83,112.63,10.91
Merge Sort,Small,77.59,51.66,375.36,3.32
Merge Sort,Small,91.29,90.66,605.48,10.37
Merge Sort,Small,54.56,67.08,413.62,1.87
Merge Sort,Small,74.85,56.0,578.03,7.43
Merge Sort,Small,80.31,28.18,278.04,11.59
Merge Sort,Small,78.01,56.55,199.08,13.29
Merge Sort,Small,85.62,93.8,556.37,1.38
Merge Sort,Small,66.55,20.22,362.28,13.73
Merge Sort,Small,87.29,23.44,483.77,12.51
Merge Sort,Small,137.9,45.43,558.64,14.5
Merge Sort,Small,91.7,37.97,569.5,9.09
Merge Sort,Small,68.43,65.77,572.69,6.54
Merge Sort,Small,91.02,27.64,508.42,12.11
Merge Sort,Small,102.79,40.34,610.02,13.69
Merge Sort,Small,84.98,29.74,633.21,10.16
Merge Sort,Small,83.95,27.17,347.4,9.61
Merge Sort,Small,90.36,92.37,333.19,14.78
Merge Sort,Small,111.18,68.43,469.84,3.32
Merge Sort,Medium,237.19,27.98,77.94,8.84
Merge Sort,Medium,254.79,57.19,523.19,13.46
Merge Sort,Medium,242.92,29.99,610.65,12.47
Merge Sort,Medium,234.7,58.26,517.45,5.4
Merge Sort,Medium,259.76,51.74,295.41,7.92
Merge Sort,Medium,238.23,81.26,281.18,3.43
Merge Sort,Medium,252.61,23.05,221.12,2.99
Merge Sort,Medium,248.2,42.84,353.72,11.48
Merge Sort,Medium,258.26,43.19,600.11,7.6
Merge Sort,Medium,262.82,93.33,469.51,2.77
Merge Sort,Medium,222.31,69.91,113.87,3.45
Merge Sort,Medium,257.82,83.46,213.12,12.72
Merge Sort,Medium,253.07,70.53,392.97,5.27
Merge Sort,Medium,219.81,32.01,90.91,5.26
Merge Sort,Medium,247.71,84.7,552.62,12.04
Merge Sort,Medium,242.69,68.2,233.98,13.7
Merge Sort,Medium,250.09,23.88,351.64,7.45
Merge Sort,Medium,268.5,84.17,414.39,6.33
Merge Sort,Medium,231.97,74.19,648.39,4.92
Merge Sort,Medium,238.64,83.67,254.1,13.75
Merge Sort,Medium,251.08,16.44,676.57,11.17
Merge Sort,Medium,249.23,39.38,592.52,4.94
Merge Sort,Medium,245.51,22.72,222.39,1.17
Merge Sort,Medium,267.57,52.5,259.8,9.38
Merge Sort,Medium,224.19,74.46,100.33,13.64
Merge Sort,Medium,223.98,83.18,490.72,9.31
Merge Sort,Medium,238.43,78.57,91.84,9.16
Merge Sort,Medium,237.47,94.64,609.09,8.3
Merge Sort,Medium,226.09,22.51,643.06,10.37
Merge Sort,Medium,243.58,81.34,623.76,9.0
Merge Sort,Medium,199.45,40.36,343.8,11.83
Merge Sort,Medium,250.17,63.15,632.29,7.21
Merge Sort,Medium,264.18,62.34,512.66,4.32
Merge Sort,Medium,259.72,55.99,135.66,6.38
Merge Sort,Medium,272.56,91.04,448.41,11.41
Merge Sort,Medium,237.36,55.5,469.49,1.99
Merge Sort,Medium,228.86,52.8,98.76,2.96
Merge Sort,Medium,220.2,37.15,682.07,5.64
Merge Sort,Medium,218.91,63.86,246.83,3.9
Merge Sort,Medium,238.75,56.33,73.47,1.11
Merge Sort,Medium,235.36,79.21,430.39,8.18
Merge Sort,Medium,228.72,38.48,657.0,6.56
Merge Sort,Medium,243.2,24.11,287.49,8.1
Merge Sort,Medium,228.72,84.94,380.93,10.83
Merge Sort,Medium,229.37,48.75,328.94,13.71
Merge Sort,Medium,217.29,72.12,452.98,5.33
Merge Sort,Medium,232.75,35.61,107.5,9.45
Merge Sort,Medium,242.2,69.93,142.13,6.37
Merge Sort,Medium,207.72,24.68,333.94,11.52
Merge Sort,Medium,229.21,20.68,120.51,5.97
Merge Sort,Medium,242.53,69.29,298.01,9.31
Merge Sort,Medium,246.63,15.81,470.74,13.79
Merge Sort,Medium,254.3,72.92,145.95,13.63
Merge Sort,Medium,244.31,20.32,406.4,2.99
Merge Sort,Medium,239.5,38.6,376.18,9.08
Merge Sort,Medium,236.88,18.5,147.49,8.82
Merge Sort,Medium,258.99,67.18,602.73,10.69
Merge Sort,Medium,227.01,49.39,493.97,4.86
Merge Sort,Medium,255.01,50.71,572.98,12.51
Merge Sort,Medium,229.94,83.6,647.48,7.03
Merge Sort,Medium,251.9,44.69,448.68,10.88
Merge Sort,Medium,213.77,70.07,305.97,3.34
Merge Sort,Medium,223.41,86.21,287.9,3.16
Merge Sort,Medium,236.78,17.04,476.87,9.92
Merge Sort,Medium,231.57,47.77,266.07,10.48
Merge Sort,Medium,236.86,63.46,299.69,4.05
Merge Sort,Medium,239.6,70.06,158.55,7.8
Merge Sort,Medium,244.2,17.2,388.44,14.5
Merge Sort,Medium,233.45,17.48,314.43,3.24
Merge Sort,Medium,238.36,16.87,546.41,7.42
Merge Sort,Medium,248.41,24.29,672.23,5.4
Merge Sort,Medium,235.57,86.07,449.85,12.57
Merge Sort,Medium,238.39,45.84,284.44,8.58
Merge Sort,Medium,246.72,27.33,418.84,8.58
Merge Sort,Medium,249.57,50.24,260.47,4.63
Merge Sort,Medium,247.51,30.57,106.32,5.79
Merge Sort,Medium,210.31,61.44,157.69,7.22
Merge Sort,Medium,251.22,65.1,378.01,6.62
Merge Sort,Medium,256.51,64.65,196.83,6.53
Merge Sort,Medium,269.38,18.16,369.59,8.6
Merge Sort,Medium,243.81,57.67,618.08,2.83
Merge Sort,Medium,247.02,78.24,148.64,12.12
Merge Sort,Medium,249.32,90.52,163.74,7.48
Merge Sort,Medium,234.46,93.48,374.55,13.09
Merge Sort,Medium,213.4,37.86,198.03,11.67
Merge Sort,Medium,258.93,45.92,392.1,7.89
Merge Sort,Medium,255.84,93.46,326.78,12.59
Merge Sort,Medium,243.35,76.16,431.32,14.38
Merge Sort,Medium,237.04,83.32,346.66,12.86
Merge Sort,Medium,237.73,86.45,109.35,13.37
Merge Sort,Medium,248.9,65.13,653.62,1.27
Merge Sort,Medium,195.89,53.15,503.26,11.12
Merge Sort,Medium,228.41,38.95,295.99,12.26
Merge Sort,Medium,246.11,37.3,202.74,14.4
Merge Sort,Medium,254.3,38.57,79.02,11.33
Merge Sort,Medium,247.7,81.73,536.5,3.0
Merge Sort,Medium,252.01,67.68,552.65,12.84
Merge Sort,Medium,251.31,64.09,125.82,7.83
Merge Sort,Medium,237.55,47.57,111.59,5.88
Merge Sort,Medium,228.83,23.88,579.19,14.27
Merge Sort,Large,441.6,21.15,385.39,12.12
Merge Sort,Large,473.2,71.57,101.64,2.02
Merge Sort,Large,445.89,33.59,247.03,12.25
Merge Sort,Large,458.56,89.34,325.21,13.69
Merge Sort,Large,466.03,33.08,473.5,14.71
Merge Sort,Large,439.94,63.28,295.42,10.07
Merge Sort,Large,424.71,61.87,463.61,2.0
Merge Sort,Large,472.76,69.61,222.42,11.0
Merge Sort,Large,477.15,59.2,397.71,3.0
Merge Sort,Large,477.58,77.03,240.99,7.95
Merge Sort,Large,459.58,65.36,104.23,11.48
Merge Sort,Large,463.86,40.41,70.08,8.16
Merge Sort,Large,465.08,82.15,72.41,4.46
Merge Sort,Large,472.33,74.27,269.25,2.43
Merge Sort,Large,449.81,82.42,267.41,12.05
Merge Sort,Large,457.71,86.35,343.3,13.74
Merge Sort,Large,475.86,22.14,502.82,7.91
Merge Sort,Large,468.45,46.01,468.61,10.85
Merge Sort,Large,484.48,92.28,549.45,14.31
Merge Sort,Large,488.54,71.2,257.77,2.48
Merge Sort,Large,479.24,18.85,296.83,14.4
Merge Sort,Large,488.06,55.03,342.62,7.41
Merge Sort,Large,461.74,44.59,102.98,11.75
Merge Sort,Large,451.69,48.32,587.97,12.9
Merge Sort,Large,479.33,52.78,624.5,4.02
Merge Sort,Large,452.92,69.23,452.88,5.13
Merge Sort,Large,475.65,74.09,268.85,10.03
Merge Sort,Large,456.47,46.61,519.32,3.79
Merge Sort,Large,465.07,44.42,106.6,2.56
Merge Sort,Large,479.05,56.27,238.58,12.7
Merge Sort,Large,466.57,54.43,324.7,8.43
Merge Sort,Large,455.08,62.61,76.25,7.5
Merge Sort,Large,470.34,69.2,266.47,11.84
Merge Sort,Large,478.21,76.83,398.42,14.66
Merge Sort,Large,480.09,24.62,237.32,1.25
Merge Sort,Large,478.88,38.46,557.08,8.25
Merge Sort,Large,451.41,15.11,258.87,10.05
Merge Sort,Large,447.99,92.94,603.65,1.33
Merge Sort,Large,472.6,77.43,358.54,6.57
Merge Sort,Large,473.66,39.23,111.39,4.2
Merge Sort,Large,468.45,74.8,368.5,1.81
Merge Sort,Large,445.35,91.62,663.92,11.99
Merge Sort,Large,470.31,92.02,117.63,6.12
Merge Sort,Large,473.46,33.03,193.37,2.97
Merge Sort,Large,489.22,61.26,162.59,12.36
Merge Sort,Large,478.37,65.88,314.54,10.44
Merge Sort,Large,457.84,88.4,253.02,7.58
Merge Sort,Large,451.14,86.21,515.86,1.87
Merge Sort,Large,457.47,25.74,673.5,8.42
Merge Sort,Large,501.34,34.35,385.38,10.51
Merge Sort,Large,467.15,79.56,359.59,8.65
Merge Sort,Large,464.64,49.63,97.66,3.32
Merge Sort,Large,448.64,19.0,601.5,14.74
Merge Sort,Large,466.0,78.45,607.88,4.39
Merge Sort,Large,446.03,49.96,443.94,2.02
Merge Sort,Large,476.93,64.79,688.14,3.66
Merge Sort,Large,476.39,75.58,171.85,7.68
Merge Sort,Large,470.29,72.47,225.82,9.97
Merge Sort,Large,455.65,60.21,556.12,7.98
Merge Sort,Large,477.09,15.97,75.69,6.0
Merge Sort,Large,451.24,40.73,604.27,11.2
Merge Sort,Large,479.07,22.63,340.08,1.41
Merge Sort,Large,501.5,24.48,252.0,6.57
Merge Sort,Large,466.29,88.56,695.75,1.63
Merge Sort,Large,460.26,46.4,545.19,13.86
Merge Sort,Large,489.82,91.07,433.59,6.0
Merge Sort,Large,459.73,60.13,295.9,10.19
Merge Sort,Large,481.86,34.23,190.7,13.86
Merge Sort,Large,470.21,32.67,94.53,1.5
Merge Sort,Large,455.69,29.02,616.07,4.95
Merge Sort,Large,471.59,49.93,435.46,8.23
Merge Sort,Large,478.77,75.7,247.97,5.94
Merge Sort,Large,467.16,77.43,370.09,7.97
Merge Sort,Large,483.82,31.37,442.41,3.61
Merge Sort,Large,483.3,31.57,114.83,1.97
Merge Sort,Large,463.69,90.26,389.36,6.73
Merge Sort,Large,476.55,41.58,506.98,11.8
Merge Sort,Large,476.06,67.37,165.5,13.26
Merge Sort,Large,443.32,49.02,93.67,2.79
Merge Sort,Large,474.79,76.24,70.01,6.83
Merge Sort,Large,459.86,92.85,212.46,5.26
Merge Sort,Large,470.51,39.32,215.16,1.02
Merge Sort,Large,480.19,74.35,604.51,6.92
Merge Sort,Large,452.77,39.23,274.94,10.98
Merge Sort,Large,463.03,44.68,638.22,12.29
Merge Sort,Large,476.93,93.79,545.18,6.5
Merge Sort,Large,496.08,21.28,413.03,10.93
Merge Sort,Large,484.68,28.39,561.8,9.17
Merge Sort,Large,479.76,38.72,520.09,11.63
Merge Sort,Large,447.45,23.2,393.73,8.12
Merge Sort,Large,479.1,81.2,509.24,11.0
Merge Sort,Large,467.25,51.94,650.23,10.72
Merge Sort,Large,479.99,36.93,578.45,3.73
Merge Sort,Large,476.32,42.63,281.43,14.7
Merge Sort,Large,476.59,73.16,424.11,14.26
Merge Sort,Large,481.68,54.7,309.73,3.28
Merge Sort,Large,480.43,45.75,85.87,12.75
Merge Sort,Large,482.74,15.91,513.33,14.58
Merge Sort,Large,447.23,71.39,584.79,8.65
Merge Sort,Large,464.64,92.36,102.55,8.07
Merge Sort,Extra Large,830.48,29.34,574.0,8.74
Merge Sort,Extra Large,826.31,46.72,152.98,13.11
Merge Sort,Extra Large,812.82,38.2,618.99,10.42
Merge Sort,Extra Large,807.06,78.73,227.79,9.75
Merge Sort,Extra Large,838.18,87.49,77.66,10.44
Merge Sort,Extra Large,823.92,19.15,415.78,5.03
Merge Sort,Extra Large,804.56,64.7,280.45,11.26
Merge Sort,Extra Large,799.71,47.36,113.06,11.97
Merge Sort,Extra Large,811.96,69.84,279.45,1.79
Merge Sort,Extra Large,794.39,44.91,665.0,9.98
Merge Sort,Extra Large,836.76,30.92,333.55,11.51
Merge Sort,Extra Large,841.73,23.11,245.05,4.87
Merge Sort,Extra Large,825.16,20.4,396.78,3.51
Merge Sort,Extra Large,819.27,92.65,141.38,6.65
Merge Sort,Extra Large,833.35,48.82,288.31,6.57
Merge Sort,Extra Large,835.53,36.14,199.36,7.76
Merge Sort,Extra Large,806.17,67.54,680.18,9.45
Merge Sort,Extra Large,804.94,21.16,117.62,14.32
Merge Sort,Extra Large,811.8,62.92,462.9,10.08
Merge Sort,Extra Large,815.93,36.39,79.52,14.51
Merge Sort,Extra Large,832.17,71.53,454.3,5.38
Merge Sort,Extra Large,802.78,36.69,446.53,13.13
Merge Sort,Extra Large,828.27,31.21,440.18,10.82
Merge Sort,Extra Large,825.11,69.41,327.14,1.22
Merge Sort,Extra Large,797.03,51.02,673.28,6.59
Merge Sort,Extra Large,827.71,82.18,188.78,10.41
Merge Sort,Extra Large,819.65,22.41,541.48,13.8
Merge Sort,Extra Large,817.38,49.72,232.99,7.08
Merge Sort,Extra Large,846.24,66.02,222.47,11.0
Merge Sort,Extra Large,840.72,22.31,195.54,13.28
Merge Sort,Extra Large,808.24,36.66,225.96,1.88
Merge Sort,Extra Large,809.64,51.72,531.62,9.49
Merge Sort,Extra Large,811.3,91.12,598.25,12.27
Merge Sort,Extra Large,823.59,80.84,657.61,8.62
Merge Sort,Extra Large,827.23,74.43,534.89,8.3
Merge Sort,Extra Large,801.44,20.48,303.8,13.89
Merge Sort,Extra Large,836.09,36.51,302.12,13.53
Merge Sort,Extra Large,855.46,68.32,566.05,7.36
Merge Sort,Extra Large,799.92,71.44,339.39,7.2
Merge Sort,Extra Large,830.39,66.95,659.86,1.9
Merge Sort,Extra Large,811.76,50.51,83.81,5.21
Merge Sort,Extra Large,832.89,55.21,105.39,7.88
Merge Sort,Extra Large,812.6,67.41,233.95,3.23
Merge Sort,Extra Large,841.65,27.84,114.41,3.6
Merge Sort,Extra Large,831.86,80.13,501.63,2.55
Merge Sort,Extra Large,825.1,38.13,265.18,4.5
Merge Sort,Extra Large,864.24,43.55,292.89,12.6
Merge Sort,Extra Large,838.67,78.14,263.91,13.79
Merge Sort,Extra Large,818.12,43.35,388.55,14.18
Merge Sort,Extra Large,824.92,85.11,134.62,6.5
Merge Sort,Extra Large,822.63,30.51,611.05,10.48
Merge Sort,Extra Large,864.78,82.03,611.02,11.48
Merge Sort,Extra Large,850.85,27.83,494.4,3.51
Merge Sort,Extra Large,803.04,70.52,214.65,2.65
Merge Sort,Extra Large,834.64,56.19,171.66,2.17
Merge Sort,Extra Large,833.78,16.53,174.42,13.47
Merge Sort,Extra Large,809.36,23.43,210.09,8.27
Merge Sort,Extra Large,801.12,63.62,224.57,1.81
Merge Sort,Extra Large,799.34,32.56,674.71,9.63
Merge Sort,Extra Large,811.53,59.55,331.94,7.01
Merge Sort,Extra Large,848.06,71.17,178.17,8.0
Merge Sort,Extra Large,825.84,47.96,618.43,9.84
Merge Sort,Extra Large,804.79,63.45,143.84,5.72
Merge Sort,Extra Large,821.29,26.43,506.01,3.89
Merge Sort,Extra Large,832.88,31.35,389.92,6.87
Merge Sort,Extra Large,816.48,16.45,569.44,1.97
Merge Sort,Extra Large,859.31,65.27,503.84,4.55
Merge Sort,Extra Large,803.32,15.8,525.77,8.5
Merge Sort,Extra Large,825.58,82.47,375.61,5.67
Merge Sort,Extra Large,825.84,78.32,354.32,3.57
Merge Sort,Extra Large,808.0,46.03,576.23,13.62
Merge Sort,Extra Large,819.05,31.28,112.19,13.28
Merge Sort,Extra Large,832.73,92.45,111.94,10.08
Merge Sort,Extra Large,786.3,20.93,306.55,12.25
Merge Sort,Extra Large,791.85,32.61,290.83,6.22
Merge Sort,Extra Large,829.3,20.5,302.83,7.5
Merge Sort,Extra Large,833.46,71.7,75.27,4.05
Merge Sort,Extra Large,839.12,67.93,374.91,1.07
Merge Sort,Extra Large,828.98,58.87,111.87,11.73
Merge Sort,Extra Large,830.03,61.7,562.63,11.52
Merge Sort,Extra Large,821.26,26.23,492.83,9.69
Merge Sort,Extra Large,841.16,74.38,177.03,3.73
Merge Sort,Extra Large,824.45,87.66,547.99,9.36
Merge Sort,Extra Large,826.95,67.33,630.15,9.1
Merge Sort,Extra Large,804.51,52.91,521.33,4.79
Merge Sort,Extra Large,825.97,31.18,267.71,4.38
Merge Sort,Extra Large,814.44,87.63,389.45,3.63
Merge Sort,Extra Large,798.92,21.16,508.58,6.36
Merge Sort,Extra Large,827.66,78.7,241.33,10.69
Merge Sort,Extra Large,835.46,36.12,661.61,9.91
Merge Sort,Extra Large,802.37,30.27,507.62,4.06
Merge Sort,Extra Large,806.57,62.62,236.72,10.27
Merge Sort,Extra Large,828.28,75.87,188.27,2.24
Merge Sort,Extra Large,829.38,70.92,302.06,7.05
Merge Sort,Extra Large,825.24,18.12,490.11,5.52
Merge Sort,Extra Large,796.53,86.83,629.51,5.55
Merge Sort,Extra Large,825.03,34.92,433.32,1.94
Merge Sort,Extra Large,824.74,22.59,699.3,5.57
Merge Sort,Extra Large,831.35,83.64,698.51,4.38
Merge Sort,Extra Large,829.19,18.23,329.05,2.82
Bubble Sort,Small,119.21,78.78,435.37,5.72
Bubble Sort,Small,117.31,69.08,231.53,1.69
Bubble Sort,Small,132.44,77.17,113.75,12.8
Bubble Sort,Small,146.58,66.46,433.67,9.93
Bubble Sort,Small,124.99,63.57,694.31,11.72
Bubble Sort,Small,140.9,53.17,521.51,6.75
Bubble Sort,Small,130.0,89.61,656.78,6.12
Bubble Sort,Small,92.01,59.58,219.1,14.94
Bubble Sort,Small,132.51,64.49,122.54,7.64
Bubble Sort,Small,137.7,70.61,503.29,6.54
Bubble Sort,Small,159.25,72.29,485.67,5.22
Bubble Sort,Small,120.07,31.72,477.92,9.59
Bubble Sort,Small,131.26,54.14,497.33,12.8
Bubble Sort,Small,102.4,32.73,101.68,12.02
Bubble Sort,Small,151.08,82.86,579.71,14.47
Bubble Sort,Small,137.08,60.2,387.98,6.93
Bubble Sort,Small,124.83,40.78,652.0,9.37
Bubble Sort,Small,96.98,64.46,306.5,2.2
Bubble Sort,Small,118.52,26.34,460.18,13.39
Bubble Sort,Small,110.97,86.22,492.02,4.35
Bubble Sort,Small,132.59,41.49,579.61,14.96
Bubble Sort,Small,103.91,22.25,637.39,9.91
Bubble Sort,Small,119.33,83.55,128.06,6.03
Bubble Sort,Small,129.09,25.03,684.96,12.53
Bubble Sort,Small,115.88,25.33,218.58,4.6
Bubble Sort,Small,105.07,55.18,253.82,2.86
Bubble Sort,Small,114.88,92.98,553.17,14.56
Bubble Sort,Small,115.17,52.98,259.8,12.28
Bubble Sort,Small,95.94,37.44,169.1,4.96
Bubble Sort,Small,99.16,46.65,501.14,2.34
Bubble Sort,Small,131.9,31.02,299.01,13.17
Bubble Sort,Small,108.85,31.62,140.47,8.04
Bubble Sort,Small,131.46,80.29,173.66,9.34
Bubble Sort,Small,84.28,57.91,177.89,9.92
Bubble Sort,Small,118.09,26.17,370.35,5.64
Bubble Sort,Small,84.48,81.68,124.76,7.15
Bubble Sort,Small,154.78,63.07,497.0,11.99
Bubble Sort,Small,113.58,84.67,281.46,8.76
Bubble Sort,Small,114.42,34.64,388.53,11.51
Bubble Sort,Small,136.9,56.94,384.74,12.82
Bubble Sort,Small,139.03,50.51,290.22,7.63
Bubble Sort,Small,112.67,77.18,166.86,4.15
Bubble Sort,Small,158.08,56.72,483.29,4.6
Bubble Sort,Small,152.52,61.45,317.03,10.43
Bubble Sort,Small,124.34,33.9,259.97,4.45
Bubble Sort,Small,98.05,33.71,593.68,5.36
Bubble Sort,Small,97.9,48.09,576.62,6.46
Bubble Sort,Small,124.41,26.53,429.64,12.91
Bubble Sort,Small,109.38,70.46,224.51,4.45
Bubble Sort,Small,129.68,85.56,242.3,5.05
Bubble Sort,Small,130.7,76.27,182.75,7.69
Bubble Sort,Small,144.58,46.34,147.2,8.06
Bubble Sort,Small,101.27,37.86,644.15,7.82
Bubble Sort,Small,106.64,54.97,553.95,3.59
Bubble Sort,Small,65.05,64.77,699.73,11.89
Bubble Sort,Small,110.01,49.84,594.81,3.8
Bubble Sort,Small,122.83,66.13,645.47,8.38
Bubble Sort,Small,77.39,57.6,120.65,1.97
Bubble Sort,Small,78.32,82.94,188.01,1.84
Bubble Sort,Small,154.49,53.68,234.86,2.17
Bubble Sort,Small,108.6,65.62,261.44,3.84
Bubble Sort,Small,126.59,48.48,578.88,6.79
Bubble Sort,Small,109.29,77.96,234.53,10.64
Bubble Sort,Small,127.17,62.43,656.78,6.73
Bubble Sort,Small,121.96,78.14,233.0,6.16
Bubble Sort,Small,145.92,22.26,676.51,10.52
Bubble Sort,Small,117.68,65.86,503.88,5.79
Bubble Sort,Small,124.29,83.61,667.77,13.45
Bubble Sort,Small,102.22,41.12,677.65,1.64
Bubble Sort,Small,139.11,73.7,520.81,9.91
Bubble Sort,Small,107.92,53.21,249.24,6.14
Bubble Sort,Small,115.41,82.59,660.65,4.01
Bubble Sort,Small,132.81,24.64,146.34,3.7
Bubble Sort,Small,116.19,64.64,181.79,14.57
Bubble Sort,Small,121.7,38.5,377.29,10.44
Bubble Sort,Small,60.18,76.34,549.86,9.3
Bubble Sort,Small,101.02,50.18,629.6,13.59
Bubble Sort,Small,154.95,88.19,281.47,10.83
Bubble Sort,Small,103.51,33.85,298.69,7.3
Bubble Sort,Small,107.83,82.32,163.13,11.42
Bubble Sort,Small,83.59,56.96,272.96,9.55
Bubble Sort,Small,125.4,52.54,190.29,3.07
Bubble Sort,Small,138.23,45.8,537.13,10.39
Bubble Sort,Small,122.12,89.87,590.8,9.15
Bubble Sort,Small,134.65,49.96,289.34,1.65
Bubble Sort,Small,125.77,81.99,578.6,2.91
Bubble Sort,Small,97.4,28.9,688.15,4.4
Bubble Sort,Small,168.23,25.04,452.86,11.47
Bubble Sort,Small,121.44,59.92,152.99,3.83
Bubble Sort,Small,115.76,62.6,270.78,14.17
Bubble Sort,Small,81.84,23.78,122.19,10.84
Bubble Sort,Small,102.79,54.34,228.18,9.79
Bubble Sort,Small,129.72,46.94,592.37,12.58
Bubble Sort,Small,89.05,55.8,304.0,6.39
Bubble Sort,Small,108.33,35.68,141.66,7.8
Bubble Sort,Small,140.77,56.16,602.95,4.49
Bubble Sort,Small,144.01,81.77,324.61,7.7
Bubble Sort,Small,110.74,42.75,658.86,3.1
Bubble Sort,Small,123.81,59.87,109.92,7.92
Bubble Sort,Small,128.98,50.58,188.34,10.36
Bubble Sort,Medium,301.18,73.61,131.75,7.14
Bubble Sort,Medium,308.94,28.73,463.81,14.17
Bubble Sort,Medium,288.27,46.6,425.9,6.94
Bubble Sort,Medium,304.48,82.52,586.95,9.76
Bubble Sort,Medium,272.57,27.94,306.49,7.08
Bubble Sort,Medium,285.81,70.69,491.48,2.45
Bubble Sort,Medium,275.96,31.76,594.65,2.07
Bubble Sort,Medium,292.09,51.44,192.6,13.37
Bubble Sort,Medium,269.71,57.68,536.21,14.43
Bubble Sort,Medium,306.43,36.53,630.57,14.11
Bubble Sort,Medium,304.51,67.24,335.96,11.66
Bubble Sort,Medium,313.85,59.85,503.24,7.28
Bubble Sort,Medium,315.5,30.98,598.09,8.79
Bubble Sort,Medium,311.06,83.35,353.09,6.62
Bubble Sort,Medium,296.28,83.32,385.25,8.44
Bubble Sort,Medium,306.2,43.14,439.56,5.89
Bubble Sort,Medium,298.11,74.63,300.94,10.56
Bubble Sort,Medium,308.39,80.41,667.52,6.9
Bubble Sort,Medium,285.86,94.27,105.72,9.65
Bubble Sort,Medium,317.11,69.46,509.71,3.13
Bubble Sort,Medium,274.14,43.04,423.34,7.13
Bubble Sort,Medium,311.45,32.02,194.27,7.14
Bubble Sort,Medium,307.78,26.31,329.79,2.85
Bubble Sort,Medium,305.03,21.24,493.65,9.63
Bubble Sort,Medium,290.33,21.78,599.32,14.66
Bubble Sort,Medium,287.76,30.16,231.2,13.22
Bubble Sort,Medium,297.21,23.8,114.03,9.25
Bubble Sort,Medium,314.79,49.47,107.48,9.37
Bubble Sort,Medium,298.22,64.13,332.59,14.65
Bubble Sort,Medium,299.25,60.81,257.9,11.08
Bubble Sort,Medium,309.47,48.1,425.42,2.18
Bubble Sort,Medium,294.65,51.96,597.74,12.38
Bubble Sort,Medium,285.85,81.3,657.54,2.79
Bubble Sort,Medium,285.76,53.75,295.85,13.25
Bubble Sort,Medium,241.86,45.08,330.69,8.65
Bubble Sort,Medium,292.5,32.1,438.92,12.37
Bubble Sort,Medium,287.87,31.19,253.59,6.37
Bubble Sort,Medium,309.12,50.63,504.62,2.27
Bubble Sort,Medium,298.07,72.29,208.0,10.16
Bubble Sort,Medium,291.68,39.49,630.51,13.59
Bubble Sort,Medium,279.96,50.85,236.72,10.58
Bubble Sort,Medium,284.95,81.95,500.59,12.63
Bubble Sort,Medium,277.93,75.35,309.89,10.56
Bubble Sort,Medium,293.38,40.3,139.55,14.9
Bubble Sort,Medium,317.86,84.96,266.56,7.81
Bubble Sort,Medium,336.59,66.45,340.83,7.27
Bubble Sort,Medium,314.25,83.79,212.93,14.11
Bubble Sort,Medium,262.34,71.68,592.2,9.01
Bubble Sort,Medium,280.95,77.4,244.35,13.19
Bubble Sort,Medium,286.46,27.71,166.83,14.72
Bubble Sort,Medium,318.01,44.32,502.66,9.52
Bubble Sort,Medium,309.02,65.24,506.34,9.27
Bubble Sort,Medium,266.87,77.64,228.03,10.85
Bubble Sort,Medium,289.51,37.5,471.45,11.59
Bubble Sort,Medium,305.68,83.71,117.45,11.41
Bubble Sort,Medium,280.24,45.6,381.9,14.04
Bubble Sort,Medium,291.64,21.03,139.78,4.99
Bubble Sort,Medium,259.48,22.09,475.14,7.26
Bubble Sort,Medium,274.39,42.19,494.93,14.53
Bubble Sort,Medium,303.79,23.78,633.13,9.29
Bubble Sort,Medium,300.25,25.2,144.82,9.61
Bubble Sort,Medium,357.37,45.57,649.53,6.99
Bubble Sort,Medium,308.83,42.0,410.54,10.92
Bubble Sort,Medium,285.34,87.52,573.24,10.63
Bubble Sort,Medium,307.35,42.19,90.68,5.17
Bubble Sort,Medium,302.96,36.34,493.72,10.06
Bubble Sort,Medium,295.24,74.66,287.35,10.48
Bubble Sort,Medium,300.92,61.74,299.07,3.32
Bubble Sort,Medium,304.63,27.76,335.24,11.34
Bubble Sort,Medium,312.93,78.49,162.11,1.5
Bubble Sort,Medium,281.67,39.09,97.87,8.79
Bubble Sort,Medium,327.11,83.84,674.16,9.14
Bubble Sort,Medium,282.77,61.17,321.79,9.7
Bubble Sort,Medium,300.6,49.15,236.58,2.78
Bubble Sort,Medium,287.45,33.27,692.28,7.5
Bubble Sort,Medium,294.24,59.89,622.91,14.94
Bubble Sort,Medium,325.54,44.52,276.5,6.94
Bubble Sort,Medium,306.76,70.44,506.14,5.76
Bubble Sort,Medium,306.77,29.62,442.88,10.86
Bubble Sort,Medium,281.24,72.55,549.62,13.28
Bubble Sort,Medium,335.22,66.44,203.85,1.85
Bubble Sort,Medium,299.99,41.34,360.25,9.83
Bubble Sort,Medium,292.77,29.42,677.72,2.96
Bubble Sort,Medium,308.33,55.89,447.19,8.81
Bubble Sort,Medium,303.92,60.83,232.58,10.11
Bubble Sort,Medium,281.92,81.51,115.36,8.22
Bubble Sort,Medium,278.16,43.08,464.32,13.62
Bubble Sort,Medium,316.7,80.74,445.71,11.36
Bubble Sort,Medium,327.99,54.96,205.86,10.97
Bubble Sort,Medium,273.16,61.73,308.76,13.8
Bubble Sort,Medium,279.47,70.67,331.52,11.71
Bubble Sort,Medium,324.6,54.06,341.49,14.12
Bubble Sort,Medium,289.61,63.84,681.29,6.6
Bubble Sort,Medium,293.18,24.65,296.98,8.33
Bubble Sort,Medium,309.16,94.83,365.56,6.29
Bubble Sort,Medium,280.41,50.05,160.24,13.42
Bubble Sort,Medium,264.12,69.48,359.64,10.25
Bubble Sort,Medium,272.89,24.61,586.37,14.2
Bubble Sort,Medium,308.01,31.36,381.22,9.62
Bubble Sort,Medium,302.62,63.63,334.89,6.06
Bubble Sort,Large,594.4,32.2,537.96,4.32
Bubble Sort,Large,580.71,24.39,426.94,9.54
Bubble Sort,Large,604.25,45.91,579.84,8.79
Bubble Sort,Large,620.54,25.95,435.17,13.76
Bubble Sort,Large,568.46,30.76,182.38,7.34
Bubble Sort,Large,583.94,64.68,139.18,14.18
Bubble Sort,Large,610.11,82.13,138.91,7.94
Bubble Sort,Large,629.78,67.26,595.48,12.08
Bubble Sort,Large,603.91,29.33,623.83,14.61
Bubble Sort,Large,598.02,33.29,530.46,2.04
Bubble Sort,Large,608.72,63.55,660.92,10.58
Bubble Sort,Large,549.36,56.1,583.9,14.33
Bubble Sort,Large,586.5,52.99,482.81,6.64
Bubble Sort,Large,591.94,24.09,455.67,13.68
Bubble Sort,Large,574.15,53.19,119.5,12.58
Bubble Sort,Large,589.36,81.98,448.68,6.27
Bubble Sort,Large,605.05,81.94,475.19,12.09
Bubble Sort,Large,627.69,64.89,342.63,14.43
Bubble Sort,Large,645.45,36.54,471.65,9.22
Bubble Sort,Large,617.78,33.86,126.35,9.66
Bubble Sort,Large,602.82,37.01,496.58,2.58
Bubble Sort,Large,631.77,53.14,189.65,3.99
Bubble Sort,Large,590.45,23.84,332.65,8.41
Bubble Sort,Large,574.9,56.25,323.5,12.83
Bubble Sort,Large,600.38,24.65,133.4,9.25
Bubble Sort,Large,576.57,62.45,625.6,9.03
Bubble Sort,Large,603.51,68.42,117.81,14.27
Bubble Sort,Large,573.27,83.16,270.93,2.54
Bubble Sort,Large,598.17,29.25,406.32,4.82
Bubble Sort,Large,598.38,46.86,693.6,10.74
Bubble Sort,Large,619.56,25.76,92.55,10.55
Bubble Sort,Large,557.89,68.14,340.58,8.11
Bubble Sort,Large,592.77,45.15,198.02,2.83
Bubble Sort,Large,598.72,91.75,455.61,11.34
Bubble Sort,Large,581.51,37.77,149.15,3.92
Bubble Sort,Large,568.05,79.81,503.3,8.88
Bubble Sort,Large,616.31,25.46,261.17,6.22
Bubble Sort,Large,599.04,78.68,695.43,4.75
Bubble Sort,Large,600.9,36.85,333.59,7.03
Bubble Sort,Large,601.02,93.37,200.34,12.29
Bubble Sort,Large,624.42,51.5,442.8,12.74
Bubble Sort,Large,582.46,80.31,618.52,2.3
Bubble Sort,Large,584.09,51.19,424.64,6.94
Bubble Sort,Large,608.49,58.97,697.88,3.33
Bubble Sort,Large,580.69,29.98,186.83,14.32
Bubble Sort,Large,632.58,85.97,643.3,14.89
Bubble Sort,Large,588.36,70.19,385.12,7.15
Bubble Sort,Large,576.52,46.84,452.21,9.27
Bubble Sort,Large,597.93,61.51,437.88,4.34
Bubble Sort,Large,575.22,75.67,105.37,6.29
Bubble Sort,Large,606.62,39.59,513.92,9.16
Bubble Sort,Large,629.02,79.72,538.37,9.74
Bubble Sort,Large,577.77,39.6,345.65,9.59
Bubble Sort,Large,599.28,58.53,265.79,1.59
Bubble Sort,Large,563.2,75.1,104.61,9.4
Bubble Sort,Large,599.35,90.61,196.39,7.87
Bubble Sort,Large,604.66,61.29,338.49,8.54
Bubble Sort,Large,584.86,87.24,209.74,1.8
Bubble Sort,Large,604.58,86.8,454.14,12.44
Bubble Sort,Large,621.49,52.23,547.41,13.83
Bubble Sort,Large,574.6,40.16,211.17,4.83
Bubble Sort,Large,605.74,42.98,428.63,9.44
Bubble Sort,Large,638.41,26.12,143.55,3.82
Bubble Sort,Large,575.54,58.86,220.54,5.32
Bubble Sort,Large,624.79,21.04,486.12,10.53
Bubble Sort,Large,592.08,79.9,658.98,1.77
Bubble Sort,Large,646.07,69.73,504.23,14.08
Bubble Sort,Large,570.41,94.77,529.3,5.38
Bubble Sort,Large,606.72,39.21,224.6,3.36
Bubble Sort,Large,595.45,84.43,395.04,10.61
Bubble Sort,Large,615.64,77.0,280.68,7.04
Bubble Sort,Large,584.18,35.73,685.7,10.22
Bubble Sort,Large,596.42,78.64,557.17,10.84
Bubble Sort,Large,607.92,92.42,330.07,3.26
Bubble Sort,Large,623.9,63.13,216.16,8.31
Bubble Sort,Large,617.89,43.41,350.75,10.21
Bubble Sort,Large,583.31,50.4,254.19,4.18
Bubble Sort,Large,615.28,78.75,644.64,6.5
Bubble Sort,Large,608.43,83.46,201.52,14.41
Bubble Sort,Large,605.34,48.25,296.94,2.34
Bubble Sort,Large,580.2,38.64,283.33,12.42
Bubble Sort,Large,599.3,85.66,274.5,13.09
Bubble Sort,Large,608.16,31.0,511.1,14.26
Bubble Sort,Large,611.02,71.19,292.29,8.26
Bubble Sort,Large,603.21,29.0,280.36,12.33
Bubble Sort,Large,644.25,84.61,173.75,14.36
Bubble Sort,Large,623.85,76.39,585.29,14.27
Bubble Sort,Large,574.84,43.47,613.69,3.28
Bubble Sort,Large,620.59,70.83,243.91,13.29
Bubble Sort,Large,617.45,32.66,122.72,11.19
Bubble Sort,Large,623.83,48.75,192.65,12.79
Bubble Sort,Large,598.33,61.17,205.41,11.23
Bubble Sort,Large,649.7,54.57,595.51,12.7
Bubble Sort,Large,605.3,73.2,154.29,12.82
Bubble Sort,Large,624.36,47.22,626.36,11.29
Bubble Sort,Large,621.15,28.44,338.74,13.47
Bubble Sort,Large,621.3,40.29,241.76,14.22
Bubble Sort,Large,629.05,42.37,563.06,6.81
Bubble Sort,Large,608.48,47.69,307.89,6.15
Bubble Sort,Large,600.79,59.04,358.81,13.38
Bubble Sort,Extra Large,1064.86,30.38,689.47,4.87
Bubble Sort,Extra Large,1046.16,25.5,494.52,9.54
Bubble Sort,Extra Large,967.24,78.88,209.38,12.57
Bubble Sort,Extra Large,964.27,68.66,345.57,7.68
Bubble Sort,Extra Large,1017.16,58.47,285.72,9.55
Bubble Sort,Extra Large,983.44,94.68,355.51,13.93
Bubble Sort,Extra Large,990.84,35.32,345.4,4.47
Bubble Sort,Extra Large,996.81,20.02,648.15,12.89
Bubble Sort,Extra Large,985.71,29.03,131.24,11.27
Bubble Sort,Extra Large,1010.43,89.66,352.63,3.11
Bubble Sort,Extra Large,956.46,48.11,469.01,11.2
Bubble Sort,Extra Large,1003.57,28.3,111.71,14.92
Bubble Sort,Extra Large,1025.06,45.59,360.95,10.62
Bubble Sort,Extra Large,991.04,58.17,615.48,13.19
Bubble Sort,Extra Large,1005.55,56.24,692.01,11.69
Bubble Sort,Extra Large,999.55,38.65,418.42,14.89
Bubble Sort,Extra Large,980.49,20.52,336.12,4.67
Bubble Sort,Extra Large,1026.07,81.42,295.77,12.67
Bubble Sort,Extra Large,984.36,25.11,204.15,9.0
Bubble Sort,Extra Large,984.81,41.85,344.61,6.59
Bubble Sort,Extra Large,958.49,28.01,671.58,2.31
Bubble Sort,Extra Large,998.28,42.32,271.82,5.83
Bubble Sort,Extra Large,1009.29,29.19,477.29,3.17
Bubble Sort,Extra Large,988.99,25.29,644.75,4.07
Bubble Sort,Extra Large,1003.62,25.84,672.82,4.83
Bubble Sort,Extra Large,1026.07,84.47,192.97,13.03
Bubble Sort,Extra Large,1000.16,77.71,660.23,13.77
Bubble Sort,Extra Large,993.49,81.47,631.8,4.19
Bubble Sort,Extra Large,980.13,48.28,329.93,8.85
Bubble Sort,Extra Large,979.68,31.99,511.66,3.76
Bubble Sort,Extra Large,1000.69,79.73,541.08,10.21
Bubble Sort,Extra Large,960.63,31.68,423.7,2.68
Bubble Sort,Extra Large,974.71,22.99,257.13,14.4
Bubble Sort,Extra Large,964.14,91.52,304.92,2.08
Bubble Sort,Extra Large,992.05,91.08,176.13,11.81
Bubble Sort,Extra Large,976.32,28.15,688.57,6.65
Bubble Sort,Extra Large,986.6,67.08,207.13,3.47
Bubble Sort,Extra Large,1023.43,90.35,649.76,13.48
Bubble Sort,Extra Large,1023.64,25.18,294.22,5.73
Bubble Sort,Extra Large,1009.62,67.67,307.13,3.5
Bubble Sort,Extra Large,1024.75,48.66,170.68,4.16
Bubble Sort,Extra Large,1007.6,37.81,272.94,10.18
Bubble Sort,Extra Large,1032.18,47.19,592.64,4.26
Bubble Sort,Extra Large,1016.56,55.18,578.57,3.93
Bubble Sort,Extra Large,1025.92,21.9,510.93,5.77
Bubble Sort,Extra Large,977.86,24.18,461.99,4.75
Bubble Sort,Extra Large,985.52,31.04,271.77,2.71
Bubble Sort,Extra Large,996.09,88.31,93.69,8.03
Bubble Sort,Extra Large,992.56,89.45,188.63,14.54
Bubble Sort,Extra Large,985.43,35.43,542.36,8.88
Bubble Sort,Extra Large,1002.8,60.09,209.23,3.74
Bubble Sort,Extra Large,1019.92,88.74,289.98,6.52
Bubble Sort,Extra Large,985.21,91.4,540.14,9.57
Bubble Sort,Extra Large,1023.84,86.07,120.26,4.97
Bubble Sort,Extra Large,969.35,75.79,650.72,7.22
Bubble Sort,Extra Large,996.07,45.66,676.55,7.51
Bubble Sort,Extra Large,956.08,88.22,437.06,11.79
Bubble Sort,Extra Large,996.76,80.89,298.53,7.35
Bubble Sort,Extra Large,992.14,79.55,664.01,9.91
Bubble Sort,Extra Large,1020.03,75.62,581.11,12.91
Bubble Sort,Extra Large,988.88,50.14,500.99,7.58
Bubble Sort,Extra Large,997.4,76.17,307.76,10.07
Bubble Sort,Extra Large,1011.72,60.93,214.48,5.44
Bubble Sort,Extra Large,985.26,76.15,384.39,4.42
Bubble Sort,Extra Large,998.25,55.63,637.75,8.59
Bubble Sort,Extra Large,1010.97,73.05,243.83,7.53
Bubble Sort,Extra Large,994.75,20.07,113.95,14.69
Bubble Sort,Extra Large,993.27,38.18,494.62,12.83
Bubble Sort,Extra Large,976.41,74.61,456.15,11.37
Bubble Sort,Extra Large,1003.45,77.73,685.0,9.24
Bubble Sort,Extra Large,1024.99,25.13,637.41,3.11
Bubble Sort,Extra Large,973.34,44.59,587.6,9.56
Bubble Sort,Extra Large,988.06,84.09,297.4,13.24
Bubble Sort,Extra Large,952.19,26.61,563.85,12.94
Bubble Sort,Extra Large,994.4,32.41,521.03,8.73
Bubble Sort,Extra Large,974.42,67.65,209.86,4.36
Bubble Sort,Extra Large,998.14,61.98,613.34,10.5
Bubble Sort,Extra Large,995.21,52.65,671.4,11.21
Bubble Sort,Extra Large,1000.99,39.42,122.22,11.3
Bubble Sort,Extra Large,1015.38,29.1,274.69,8.69
Bubble Sort,Extra Large,1040.31,32.47,321.64,9.83
Bubble Sort,Extra Large,1025.81,92.74,533.85,13.96
Bubble Sort,Extra Large,1010.12,34.4,496.68,9.92
Bubble Sort,Extra Large,1028.95,65.19,388.77,8.64
Bubble Sort,Extra Large,1004.86,34.82,581.16,4.01
Bubble Sort,Extra Large,958.36,26.37,356.11,10.39
Bubble Sort,Extra Large,966.22,61.86,301.67,14.09
Bubble Sort,Extra Large,990.57,89.2,396.45,5.93
Bubble Sort,Extra Large,958.44,89.04,97.32,8.96
Bubble Sort,Extra Large,993.59,75.55,385.86,2.65
Bubble Sort,Extra Large,1000.36,66.06,234.33,8.03
Bubble Sort,Extra Large,1009.45,52.19,135.69,2.93
Bubble Sort,Extra Large,990.23,34.62,398.0,11.88
Bubble Sort,Extra Large,1012.67,24.65,441.85,3.11
Bubble Sort,Extra Large,998.42,83.3,250.07,7.19
Bubble Sort,Extra Large,988.42,22.99,363.94,9.3
Bubble Sort,Extra Large,962.96,43.66,155.04,6.45
Bubble Sort,Extra Large,1015.67,27.46,557.62,14.54
Bubble Sort,Extra Large,1031.97,41.39,474.77,7.65
Bubble Sort,Extra Large,1016.04,56.15,552.24,5.31
Heap Sort,Small,112.92,28.94,396.52,13.87
Heap Sort,Small,94.46,67.73,432.38,5.25
Heap Sort,Small,123.31,64.15,413.7,3.29
Heap Sort,Small,89.62,26.12,678.57,6.9
Heap Sort,Small,81.55,72.82,660.21,9.48
Heap Sort,Small,104.53,33.83,453.22,11.96
Heap Sort,Small,124.05,70.41,640.56,10.11
Heap Sort,Small,94.07,34.19,292.72,4.62
Heap Sort,Small,104.73,72.35,287.57,4.39
Heap Sort,Small,107.43,77.95,389.75,4.94
Heap Sort,Small,88.85,47.83,386.45,3.92
Heap Sort,Small,102.83,93.93,233.37,3.69
Heap Sort,Small,115.84,54.79,443.6,2.27
Heap Sort,Small,82.55,27.41,373.04,12.62
Heap Sort,Small,121.49,52.16,599.44,3.74
Heap Sort,Small,102.0,90.48,553.34,14.24
Heap Sort,Small,72.53,90.67,272.58,6.32
Heap Sort,Small,135.51,74.06,561.54,14.08
Heap Sort,Small,114.89,76.7,147.64,7.03
Heap Sort,Small,85.25,44.79,289.65,14.78
Heap Sort,Small,133.78,93.36,332.55,12.42
Heap Sort,Small,122.15,55.42,623.02,4.35
Heap Sort,Small,128.65,52.56,468.84,7.78
Heap Sort,Small,80.57,76.97,244.72,2.76
Heap Sort,Small,93.93,36.76,319.33,7.2
Heap Sort,Small,52.75,29.02,454.15,13.5
Heap Sort,Small,107.69,71.53,357.41,11.11
Heap Sort,Small,72.61,53.75,407.74,2.1
Heap Sort,Small,126.76,27.69,327.27,14.73
Heap Sort,Small,131.8,54.45,406.15,13.83
Heap Sort,Small,115.47,80.85,619.98,7.94
Heap Sort,Small,140.96,58.26,337.77,14.57
Heap Sort,Small,87.13,85.41,393.53,2.89
Heap Sort,Small,106.09,63.48,356.13,13.41
Heap Sort,Small,113.16,64.04,142.22,14.63
Heap Sort,Small,88.06,60.88,281.62,8.1
Heap Sort,Small,89.18,38.49,186.15,5.87
Heap Sort,Small,119.85,79.6,388.26,4.96
Heap Sort,Small,87.9,90.79,312.39,14.85
Heap Sort,Small,75.84,58.97,215.71,13.58
Heap Sort,Small,145.34,93.86,139.6,3.26
Heap Sort,Small,91.43,75.43,276.28,4.4
Heap Sort,Small,88.03,57.74,467.48,7.57
Heap Sort,Small,108.99,26.9,572.27,2.14
Heap Sort,Small,109.89,55.3,425.97,8.2
Heap Sort,Small,106.59,52.24,633.58,13.62
Heap Sort,Small,127.43,89.88,677.61,8.62
Heap Sort,Small,60.86,56.7,274.43,14.47
Heap Sort,Small,106.09,44.78,274.61,7.26
Heap Sort,Small,72.74,94.92,142.43,9.52
Heap Sort,Small,112.35,43.12,296.71,3.13
Heap Sort,Small,28.63,46.23,680.27,14.28
Heap Sort,Small,119.95,88.67,113.65,12.54
Heap Sort,Small,53.52,91.39,163.88,4.1
Heap Sort,Small,101.14,25.99,262.0,7.85
Heap Sort,Small,113.96,73.5,542.56,14.94
Heap Sort,Small,108.11,62.33,349.33,4.2
Heap Sort,Small,54.9,93.42,613.46,8.48
Heap Sort,Small,65.66,63.07,520.03,8.7
Heap Sort,Small,113.0,94.32,470.69,6.82
Heap Sort,Small,84.73,51.92,314.71,7.61
Heap Sort,Small,112.61,79.72,395.66,12.32
Heap Sort,Small,53.95,81.7,250.59,4.92
Heap Sort,Small,122.3,60.32,263.9,2.12
Heap Sort,Small,104.11,56.19,680.51,9.43
Heap Sort,Small,154.91,85.44,192.28,9.4
Heap Sort,Small,105.85,75.26,329.51,3.2
Heap Sort,Small,125.89,57.05,342.74,13.27
Heap Sort,Small,118.99,92.66,371.63,6.17
Heap Sort,Small,92.71,61.83,515.78,5.56
Heap Sort,Small,96.7,49.74,296.22,8.38
Heap Sort,Small,86.91,47.45,223.43,6.02
Heap Sort,Small,98.3,56.13,450.16,14.78
Heap Sort,Small,109.1,41.91,511.96,11.31
Heap Sort,Small,80.52,72.38,147.82,9.75
Heap Sort,Small,105.08,76.77,234.47,12.94
Heap Sort,Small,62.9,34.36,672.45,2.94
Heap Sort,Small,94.79,38.94,315.22,10.06
Heap Sort,Small,73.62,45.28,250.86,4.78
Heap Sort,Small,103.16,53.78,525.38,4.83
Heap Sort,Small,67.32,93.35,673.25,12.4
Heap Sort,Small,60.05,41.92,150.14,6.12
Heap Sort,Small,101.11,79.44,616.41,12.98
Heap Sort,Small,56.36,50.18,515.47,6.07
Heap Sort,Small,103.86,25.69,351.42,6.28
Heap Sort,Small,91.59,73.54,562.08,5.95
Heap Sort,Small,85.11,56.24,538.94,11.01
Heap Sort,Small,122.51,94.12,242.85,10.61
Heap Sort,Small,118.87,35.95,553.56,9.39
Heap Sort,Small,104.99,44.23,389.92,6.34
Heap Sort,Small,123.53,64.85,482.72,8.74
Heap Sort,Small,104.8,28.58,247.39,8.4
Heap Sort,Small,76.49,60.29,300.46,5.36
Heap Sort,Small,85.98,57.48,188.64,14.06
Heap Sort,Small,110.11,32.43,567.77,12.5
Heap Sort,Small,117.9,78.74,177.24,10.37
Heap Sort,Small,106.92,70.25,380.43,8.87
Heap Sort,Small,129.89,27.41,486.99,3.06
Heap Sort,Small,56.44,63.18,188.72,10.99
Heap Sort,Small,86.35,80.65,206.38,3.36
Heap Sort,Medium,220.71,32.47,493.24,13.28
Heap Sort,Medium,331.05,82.97,479.37,2.98
Heap Sort,Medium,264.81,43.2,337.18,14.26
Heap Sort,Medium,269.89,67.73,602.63,11.23
Heap Sort,Medium,288.11,44.26,487.07,6.43
Heap Sort,Medium,266.68,94.84,265.5,5.63
Heap Sort,Medium,307.0,83.55,684.92,14.68
Heap Sort,Medium,303.57,29.57,594.89,10.4
Heap Sort,Medium,258.02,70.51,689.66,13.85
Heap Sort,Medium,288.71,55.74,133.57,6.71
Heap Sort,Medium,293.52,57.15,142.51,7.55
Heap Sort,Medium,301.9,57.83,657.85,10.33
Heap Sort,Medium,286.55,29.62,683.82,6.68
Heap Sort,Medium,231.26,58.45,319.62,10.87
Heap Sort,Medium,311.39,43.77,296.24,3.63
Heap Sort,Medium,303.65,70.89,133.48,9.77
Heap Sort,Medium,235.47,30.39,505.75,12.68
Heap Sort,Medium,224.24,42.13,358.57,12.9
Heap Sort,Medium,271.49,63.54,223.57,3.32
Heap Sort,Medium,292.5,88.78,594.1,11.88
Heap Sort,Medium,231.58,63.25,163.9,11.84
Heap Sort,Medium,260.97,65.77,220.09,4.45
Heap Sort,Medium,308.74,26.22,138.91,9.45
Heap Sort,Medium,287.41,82.36,302.78,6.54
Heap Sort,Medium,241.21,26.86,543.78,10.13
Heap Sort,Medium,296.55,65.65,547.59,10.78
Heap Sort,Medium,265.5,33.83,186.62,10.79
Heap Sort,Medium,251.09,85.1,678.01,10.17
Heap Sort,Medium,288.08,68.28,571.06,11.14
Heap Sort,Medium,312.1,83.41,143.17,11.72
Heap Sort,Medium,268.47,69.83,295.36,14.45
Heap Sort,Medium,298.91,27.34,452.08,4.16
Heap Sort,Medium,258.87,41.48,401.68,13.89
Heap Sort,Medium,293.83,39.82,195.1,11.87
Heap Sort,Medium,302.03,35.26,491.1,5.03
Heap Sort,Medium,280.03,35.97,513.22,9.72
Heap Sort,Medium,259.87,56.36,349.23,14.79
Heap Sort,Medium,306.92,45.46,283.94,6.61
Heap Sort,Medium,240.41,89.07,266.75,13.65
Heap Sort,Medium,290.32,32.24,497.37,13.79
Heap Sort,Medium,296.44,72.38,287.94,4.45
Heap Sort,Medium,278.26,46.26,164.88,3.87
Heap Sort,Medium,275.55,80.69,193.42,3.69
Heap Sort,Medium,257.18,70.04,226.34,3.27
Heap Sort,Medium,267.81,70.91,426.99,10.8
Heap Sort,Medium,306.86,72.79,480.95,5.46
Heap Sort,Medium,278.67,87.37,446.0,12.82
Heap Sort,Medium,266.23,94.41,206.53,10.99
Heap Sort,Medium,298.56,32.49,570.61,13.83
Heap Sort,Medium,264.06,51.8,482.07,7.59
Heap Sort,Medium,234.47,78.35,662.34,14.23
Heap Sort,Medium,265.06,37.23,626.1,11.59
Heap Sort,Medium,277.49,43.76,648.2,10.23
Heap Sort,Medium,278.57,75.47,261.72,11.35
Heap Sort,Medium,278.02,68.87,196.2,12.7
Heap Sort,Medium,272.49,41.45,494.85,7.27
Heap Sort,Medium,257.59,26.18,646.64,5.51
Heap Sort,Medium,285.48,82.38,699.62,4.75
Heap Sort,Medium,301.31,92.58,650.33,8.54
Heap Sort,Medium,249.27,80.66,190.09,14.71
Heap Sort,Medium,265.09,44.02,591.41,6.92
Heap Sort,Medium,272.52,31.19,311.91,14.76
Heap Sort,Medium,250.58,36.66,691.84,12.67
Heap Sort,Medium,325.51,44.7,151.34,2.74
Heap Sort,Medium,285.24,90.01,403.08,12.96
Heap Sort,Medium,255.39,56.21,528.06,11.51
Heap Sort,Medium,268.51,69.61,151.71,6.7
Heap Sort,Medium,253.0,62.44,697.77,8.17
Heap Sort,Medium,273.06,80.75,461.29,13.53
Heap Sort,Medium,312.28,53.77,466.54,10.19
Heap Sort,Medium,252.7,31.55,119.84,13.36
Heap Sort,Medium,273.66,41.55,234.79,11.57
Heap Sort,Medium,281.7,36.38,676.25,13.07
Heap Sort,Medium,229.5,85.47,350.0,11.91
Heap Sort,Medium,281.4,56.88,415.63,2.1
Heap Sort,Medium,272.26,54.59,533.66,7.76
Heap Sort,Medium,257.82,81.92,457.17,4.74
Heap Sort,Medium,299.29,41.57,480.54,12.79
Heap Sort,Medium,241.38,85.69,504.87,7.83
Heap Sort,Medium,266.52,59.15,230.51,10.15
Heap Sort,Medium,229.57,64.61,650.89,12.41
Heap Sort,Medium,209.19,56.58,534.03,9.62
Heap Sort,Medium,245.18,57.48,255.03,13.89
Heap Sort,Medium,279.14,48.48,671.84,8.93
Heap Sort,Medium,297.59,34.06,331.73,3.29
Heap Sort,Medium,333.87,68.61,373.66,12.11
Heap Sort,Medium,265.86,53.44,656.69,11.24
Heap Sort,Medium,268.22,54.32,415.19,3.09
Heap Sort,Medium,296.31,32.66,679.84,4.27
Heap Sort,Medium,239.22,70.36,254.82,11.33
Heap Sort,Medium,297.32,68.01,636.56,3.02
Heap Sort,Medium,307.65,48.16,256.49,14.84
Heap Sort,Medium,316.78,72.93,235.13,5.11
Heap Sort,Medium,262.51,44.69,352.57,5.05
Heap Sort,Medium,277.93,48.7,114.18,10.84
Heap Sort,Medium,286.08,82.78,196.5,4.08
Heap Sort,Medium,292.75,28.14,477.3,6.02
Heap Sort,Medium,311.81,50.81,564.14,12.54
Heap Sort,Medium,294.43,53.45,565.38,8.29
Heap Sort,Medium,276.78,87.83,645.58,3.14
Heap Sort,Large,534.79,81.36,611.58,5.76
Heap Sort,Large,564.81,91.66,139.42,3.95
Heap Sort,Large,609.71,70.16,120.01,14.48
Heap Sort,Large,579.61,28.12,194.41,2.18
Heap Sort,Large,568.07,71.62,595.37,2.17
Heap Sort,Large,552.79,62.94,381.14,8.49
Heap Sort,Large,555.27,60.23,561.44,8.31
Heap Sort,Large,537.79,35.46,492.47,4.24
Heap Sort,Large,557.27,36.0,677.78,8.74
Heap Sort,Large,573.95,30.1,479.83,5.29
Heap Sort,Large,562.97,93.53,406.1,7.91
Heap Sort,Large,562.4,77.74,188.16,9.11
Heap Sort,Large,528.29,54.26,613.44,13.13
Heap Sort,Large,552.45,31.95,163.53,5.42
Heap Sort,Large,536.63,68.62,320.08,12.26
Heap Sort,Large,557.37,41.36,487.13,5.06
Heap Sort,Large,566.8,33.88,621.29,9.72
Heap Sort,Large,559.61,33.9,362.25,4.09
Heap Sort,Large,575.74,32.41,408.62,12.59
Heap Sort,Large,569.92,90.53,412.98,14.35
Heap Sort,Large,491.99,84.37,400.86,8.13
Heap Sort,Large,569.57,59.32,609.6,12.82
Heap Sort,Large,507.73,59.43,447.94,5.1
Heap Sort,Large,525.54,80.58,397.02,6.34
Heap Sort,Large,543.36,91.45,290.01,4.2
Heap Sort,Large,540.0,57.25,291.18,2.46
Heap Sort,Large,562.15,63.62,320.37,7.81
Heap Sort,Large,501.27,92.59,332.64,5.36
Heap Sort,Large,543.43,78.17,231.53,11.22
Heap Sort,Large,510.1,26.48,357.17,12.09
Heap Sort,Large,568.91,39.35,547.78,2.68
Heap Sort,Large,502.15,84.68,226.94,13.37
Heap Sort,Large,583.01,47.35,644.49,3.65
Heap Sort,Large,528.14,37.5,400.89,3.07
Heap Sort,Large,548.43,89.63,431.45,5.51
Heap Sort,Large,556.03,74.17,498.75,14.86
Heap Sort,Large,571.72,28.64,177.05,2.05
Heap Sort,Large,520.34,94.96,583.34,12.23
Heap Sort,Large,502.22,35.59,277.96,6.89
Heap Sort,Large,552.32,77.94,428.4,3.01
Heap Sort,Large,567.14,69.62,583.08,8.06
Heap Sort,Large,546.46,50.32,173.96,13.39
Heap Sort,Large,535.95,60.86,397.55,10.13
Heap Sort,Large,561.98,91.23,452.07,9.02
Heap Sort,Large,571.77,34.52,603.29,4.01
Heap Sort,Large,573.72,46.08,256.9,6.84
Heap Sort,Large,548.1,53.52,692.08,2.73
Heap Sort,Large,507.88,34.95,141.17,10.14
Heap Sort,Large,626.92,64.31,210.78,4.57
Heap Sort,Large,584.0,47.32,460.16,4.73
Heap Sort,Large,532.97,34.49,195.92,11.07
Heap Sort,Large,574.2,70.0,571.82,14.19
Heap Sort,Large,528.69,42.04,606.89,4.72
Heap Sort,Large,561.88,30.08,524.94,7.23
Heap Sort,Large,555.69,31.33,669.24,5.36
Heap Sort,Large,565.9,48.6,347.33,2.67
Heap Sort,Large,523.39,53.07,316.92,12.05
Heap Sort,Large,549.75,81.22,200.51,6.77
Heap Sort,Large,524.31,80.89,527.26,4.47
Heap Sort,Large,540.67,50.67,172.42,10.17
Heap Sort,Large,537.04,65.5,647.69,9.2
Heap Sort,Large,583.13,37.21,333.43,12.96
Heap Sort,Large,583.78,85.68,637.44,13.96
Heap Sort,Large,582.32,31.64,431.03,11.63
Heap Sort,Large,564.68,36.68,580.48,11.36
Heap Sort,Large,585.35,31.03,383.65,4.26
Heap Sort,Large,577.41,68.37,501.46,12.87
Heap Sort,Large,495.22,40.08,181.08,13.07
Heap Sort,Large,550.08,93.7,167.45,5.94
Heap Sort,Large,580.75,69.68,316.5,14.07
Heap Sort,Large,552.07,66.36,495.11,5.32
Heap Sort,Large,531.8,50.52,607.77,4.53
Heap Sort,Large,556.01,78.35,531.03,4.7
Heap Sort,Large,581.33,64.82,621.96,7.62
Heap Sort,Large,548.71,34.99,339.77,14.37
Heap Sort,Large,562.58,47.38,622.18,13.46
Heap Sort,Large,533.61,75.72,293.79,12.18
Heap Sort,Large,544.11,55.99,396.31,12.11
Heap Sort,Large,524.79,51.33,326.73,8.84
Heap Sort,Large,497.85,81.62,323.44,8.82
Heap Sort,Large,520.05,44.43,660.71,11.41
Heap Sort,Large,572.18,65.4,492.15,2.38
Heap Sort,Large,554.81,63.2,322.06,3.06
Heap Sort,Large,609.8,38.53,670.94,7.31
Heap Sort,Large,533.57,27.63,533.14,9.0
Heap Sort,Large,548.78,60.61,253.44,11.68
Heap Sort,Large,539.41,57.25,278.91,5.22
Heap Sort,Large,538.66,70.17,494.07,12.72
Heap Sort,Large,531.64,44.16,688.2,9.75
Heap Sort,Large,546.46,74.68,114.34,8.74
Heap Sort,Large,551.92,89.45,681.37,9.03
Heap Sort,Large,537.21,57.07,667.56,10.76
Heap Sort,Large,548.55,41.82,387.18,7.92
Heap Sort,Large,531.62,65.75,320.49,4.14
Heap Sort,Large,582.2,71.48,309.64,14.16
Heap Sort,Large,550.36,88.85,233.52,2.51
Heap Sort,Large,568.28,92.75,635.0,9.81
Heap Sort,Large,563.46,62.1,126.43,5.21
Heap Sort,Large,604.63,64.01,548.16,5.64
Heap Sort,Large,532.83,64.55,162.0,7.38
Heap Sort,Extra Large,920.7,94.34,273.96,8.48
Heap Sort,Extra Large,926.78,48.07,369.96,13.14
Heap Sort,Extra Large,918.23,39.25,625.28,2.78
Heap Sort,Extra Large,908.78,87.2,304.15,6.09
Heap Sort,Extra Large,917.73,28.34,317.82,13.14
Heap Sort,Extra Large,900.49,52.72,227.5,7.52
Heap Sort,Extra Large,918.59,78.34,408.02,14.85
Heap Sort,Extra Large,894.88,57.57,144.36,5.41
Heap Sort,Extra Large,870.53,91.33,562.44,5.49
Heap Sort,Extra Large,894.51,66.36,535.66,14.24
Heap Sort,Extra Large,901.03,79.23,441.67,9.19
Heap Sort,Extra Large,925.93,33.03,184.42,8.88
Heap Sort,Extra Large,923.91,92.82,395.69,2.83
Heap Sort,Extra Large,958.12,63.62,606.25,14.96
Heap Sort,Extra Large,854.48,88.47,222.83,10.0
Heap Sort,Extra Large,882.36,53.4,134.24,6.51
Heap Sort,Extra Large,922.23,91.42,268.15,12.55
Heap Sort,Extra Large,871.96,28.88,427.49,2.92
Heap Sort,Extra Large,925.72,70.33,681.68,11.28
Heap Sort,Extra Large,912.54,89.73,415.11,3.52
Heap Sort,Extra Large,873.16,66.47,394.67,10.09
Heap Sort,Extra Large,902.03,25.7,224.96,8.39
Heap Sort,Extra Large,896.65,54.71,531.67,9.85
Heap Sort,Extra Large,912.98,45.92,352.38,4.83
Heap Sort,Extra Large,893.56,40.52,570.48,4.62
Heap Sort,Extra Large,898.26,30.6,389.93,2.13
Heap Sort,Extra Large,903.74,84.82,513.07,2.68
Heap Sort,Extra Large,902.45,79.8,608.85,12.39
Heap Sort,Extra Large,860.44,84.17,539.03,14.75
Heap Sort,Extra Large,901.26,35.9,243.14,4.75
Heap Sort,Extra Large,885.65,29.67,699.15,2.32
Heap Sort,Extra Large,913.41,83.47,325.57,12.94
Heap Sort,Extra Large,922.7,89.83,115.37,2.98
Heap Sort,Extra Large,903.09,42.53,504.9,13.55
Heap Sort,Extra Large,956.9,38.19,584.93,14.58
Heap Sort,Extra Large,878.69,43.8,401.95,3.12
Heap Sort,Extra Large,903.43,35.11,370.82,6.34
Heap Sort,Extra Large,972.95,61.53,455.54,2.11
Heap Sort,Extra Large,919.87,50.64,141.23,11.81
Heap Sort,Extra Large,924.34,91.86,251.69,6.21
Heap Sort,Extra Large,907.75,35.84,320.15,11.06
Heap Sort,Extra Large,868.16,64.21,338.01,7.46
Heap Sort,Extra Large,896.88,30.5,629.94,3.01
Heap Sort,Extra Large,900.39,74.48,652.82,5.52
Heap Sort,Extra Large,926.01,86.72,665.72,11.61
Heap Sort,Extra Large,851.12,31.06,504.8,7.33
Heap Sort,Extra Large,884.11,38.37,576.4,7.9
Heap Sort,Extra Large,898.97,46.12,336.57,13.11
Heap Sort,Extra Large,878.84,33.23,258.68,13.97
Heap Sort,Extra Large,923.14,65.71,424.75,9.75
Heap Sort,Extra Large,929.0,61.63,178.88,3.68
Heap Sort,Extra Large,887.35,62.58,662.58,6.01
Heap Sort,Extra Large,909.01,42.35,131.44,3.32
Heap Sort,Extra Large,912.61,75.99,227.81,6.83
Heap Sort,Extra Large,944.62,32.93,349.76,8.31
Heap Sort,Extra Large,900.34,62.86,592.83,4.23
Heap Sort,Extra Large,915.01,63.91,522.72,7.36
Heap Sort,Extra Large,923.95,34.69,502.8,8.82
Heap Sort,Extra Large,865.05,88.48,456.55,3.11
Heap Sort,Extra Large,930.06,56.49,556.25,12.32
Heap Sort,Extra Large,924.3,43.74,352.25,13.68
Heap Sort,Extra Large,899.67,87.74,514.57,13.17
Heap Sort,Extra Large,875.86,41.76,356.6,5.27
Heap Sort,Extra Large,886.54,47.44,189.64,5.85
Heap Sort,Extra Large,859.32,49.27,550.41,13.62
Heap Sort,Extra Large,950.56,77.98,305.88,11.68
Heap Sort,Extra Large,927.3,42.24,147.32,3.71
Heap Sort,Extra Large,886.3,85.11,483.93,5.29
Heap Sort,Extra Large,932.27,70.88,247.58,13.24
Heap Sort,Extra Large,964.7,46.66,519.54,2.21
Heap Sort,Extra Large,863.24,63.04,152.91,12.27
Heap Sort,Extra Large,868.43,40.24,509.45,12.44
Heap Sort,Extra Large,940.47,71.33,319.76,12.52
Heap Sort,Extra Large,910.4,45.63,447.02,11.69
Heap Sort,Extra Large,862.6,57.15,592.6,14.09
Heap Sort,Extra Large,877.04,63.16,500.27,13.74
Heap Sort,Extra Large,894.78,74.62,596.01,13.14
Heap Sort,Extra Large,892.18,54.06,162.71,7.69
Heap Sort,Extra Large,881.03,79.06,154.56,12.76
Heap Sort,Extra Large,875.53,54.94,461.68,3.17
Heap Sort,Extra Large,883.58,92.31,586.28,7.98
Heap Sort,Extra Large,893.49,40.65,660.74,6.48
Heap Sort,Extra Large,905.58,91.06,112.26,5.1
Heap Sort,Extra Large,870.04,90.69,210.94,3.47
Heap Sort,Extra Large,927.1,58.4,696.79,10.83
Heap Sort,Extra Large,905.26,30.19,695.77,7.3
Heap Sort,Extra Large,911.89,46.3,161.01,2.02
Heap Sort,Extra Large,856.33,56.47,603.75,9.44
Heap Sort,Extra Large,880.71,36.48,278.26,12.31
Heap Sort,Extra Large,887.55,88.4,685.3,5.02
Heap Sort,Extra Large,891.32,32.9,623.31,10.27
Heap Sort,Extra Large,919.27,36.53,363.6,5.73
Heap Sort,Extra Large,891.76,94.25,142.3,6.62
Heap Sort,Extra Large,941.87,58.73,406.85,6.11
Heap Sort,Extra Large,915.34,90.71,585.01,13.06
Heap Sort,Extra Large,909.39,63.54,597.27,5.95
Heap Sort,Extra Large,859.2,57.72,278.49,14.5
Heap Sort,Extra Large,877.38,46.9,167.85,8.85
Heap Sort,Extra Large,895.24,55.33,581.82,11.61
Heap Sort,Extra Large,862.56,54.84,306.89,6.11
Insertion Sort,Small,97.11,45.31,661.53,13.24
Insertion Sort,Small,127.96,76.14,404.87,9.0
Insertion Sort,Small,148.26,42.82,251.72,10.95
Insertion Sort,Small,113.29,56.33,660.98,3.61
Insertion Sort,Small,155.27,88.77,219.22,7.08
Insertion Sort,Small,130.7,70.24,220.86,14.6
Insertion Sort,Small,90.08,68.94,170.89,5.33
Insertion Sort,Small,64.66,90.55,647.79,12.27
Insertion Sort,Small,87.67,89.12,491.32,3.4
Insertion Sort,Small,154.09,89.09,675.93,3.47
Insertion Sort,Small,73.22,55.53,232.4,9.73
Insertion Sort,Small,139.34,92.27,416.75,3.54
Insertion Sort,Small,84.05,85.64,377.77,4.91
Insertion Sort,Small,164.51,42.42,568.2,5.82
Insertion Sort,Small,108.72,50.91,395.33,14.29
Insertion Sort,Small,149.34,90.56,247.92,6.98
Insertion Sort,Small,131.02,59.94,643.43,14.13
Insertion Sort,Small,94.29,54.93,410.29,13.7
Insertion Sort,Small,106.86,44.93,243.76,2.97
Insertion Sort,Small,76.78,71.82,279.63,3.15
Insertion Sort,Small,150.64,85.35,405.35,7.7
Insertion Sort,Small,111.61,93.56,244.32,5.19
Insertion Sort,Small,104.48,54.66,649.18,10.19
Insertion Sort,Small,113.77,56.78,662.61,3.11
Insertion Sort,Small,139.6,70.01,152.55,7.54
Insertion Sort,Small,87.79,72.2,527.9,10.48
Insertion Sort,Small,111.14,57.76,203.39,14.35
Insertion Sort,Small,121.67,60.89,310.84,12.08
Insertion Sort,Small,70.98,82.78,624.28,10.91
Insertion Sort,Small,129.36,33.05,452.8,12.04
Insertion Sort,Small,118.8,87.36,141.47,11.91
Insertion Sort,Small,114.99,60.8,384.66,2.59
Insertion Sort,Small,115.53,65.15,516.06,11.28
Insertion Sort,Small,162.97,92.14,432.86,7.5
Insertion Sort,Small,134.02,49.38,202.08,13.03
Insertion Sort,Small,142.85,53.54,506.47,8.39
Insertion Sort,Small,142.93,33.94,365.61,9.33
Insertion Sort,Small,91.73,58.34,556.74,12.85
Insertion Sort,Small,134.96,90.76,605.93,13.03
Insertion Sort,Small,88.54,49.71,374.79,8.38
Insertion Sort,Small,123.19,90.35,460.45,10.84
Insertion Sort,Small,125.75,89.25,327.0,10.27
Insertion Sort,Small,145.14,52.79,344.78,9.17
Insertion Sort,Small,148.8,30.02,267.51,5.1
Insertion Sort,Small,152.6,48.18,239.17,8.8
Insertion Sort,Small,111.56,86.27,267.57,3.48
Insertion Sort,Small,168.76,65.79,595.57,14.49
Insertion Sort,Small,107.52,81.52,474.17,8.67
Insertion Sort,Small,98.33,73.34,292.04,9.82
Insertion Sort,Small,119.39,68.14,384.07,12.95
Insertion Sort,Small,119.04,64.95,508.27,12.3
Insertion Sort,Small,79.86,55.66,498.25,4.38
Insertion Sort,Small,124.82,77.42,141.59,5.06
Insertion Sort,Small,149.16,61.66,630.6,9.09
Insertion Sort,Small,129.12,61.88,198.26,12.53
Insertion Sort,Small,153.25,46.05,642.78,13.89
Insertion Sort,Small,130.94,74.01,573.75,4.14
Insertion Sort,Small,150.7,69.06,149.55,8.72
Insertion Sort,Small,119.68,53.73,376.49,10.29
Insertion Sort,Small,118.76,34.84,417.1,4.78
Insertion Sort,Small,187.01,66.19,550.83,6.7
Insertion Sort,Small,160.69,79.73,376.68,8.55
Insertion Sort,Small,165.58,50.14,178.9,3.64
Insertion Sort,Small,176.21,90.01,522.89,4.09
Insertion Sort,Small,163.75,84.31,154.89,5.46
Insertion Sort,Small,77.72,87.83,135.22,5.02
Insertion Sort,Small,133.4,47.01,168.18,2.85
Insertion Sort,Small,143.77,45.91,632.45,7.7
Insertion Sort,Small,142.56,56.52,239.03,8.96
Insertion Sort,Small,136.62,89.03,588.49,3.32
Insertion Sort,Small,149.79,88.99,199.81,9.18
Insertion Sort,Small,183.0,87.17,363.71,8.52
Insertion Sort,Small,124.95,51.09,668.72,6.03
Insertion Sort,Small,120.22,59.96,512.64,4.53
Insertion Sort,Small,181.48,86.35,486.97,10.86
Insertion Sort,Small,127.07,38.21,669.09,4.16
Insertion Sort,Small,107.79,90.68,540.38,11.92
Insertion Sort,Small,155.94,44.24,382.53,10.22
Insertion Sort,Small,119.81,92.55,637.43,5.88
Insertion Sort,Small,136.95,83.48,425.44,8.27
Insertion Sort,Small,152.82,77.44,364.23,10.37
Insertion Sort,Small,77.71,75.46,535.34,3.15
Insertion Sort,Small,126.07,47.06,267.81,8.54
Insertion Sort,Small,163.85,87.64,345.66,11.87
Insertion Sort,Small,128.36,94.46,569.15,5.13
Insertion Sort,Small,102.33,62.59,263.17,7.62
Insertion Sort,Small,150.82,44.83,655.67,9.91
Insertion Sort,Small,151.5,54.7,416.1,10.06
Insertion Sort,Small,110.77,62.82,230.55,12.66
Insertion Sort,Small,214.73,65.21,204.72,12.08
Insertion Sort,Small,101.46,63.7,194.19,14.17
Insertion Sort,Small,119.75,41.93,274.08,7.58
Insertion Sort,Small,167.65,59.66,227.34,5.84
Insertion Sort,Small,115.07,63.09,214.05,10.15
Insertion Sort,Small,181.33,90.95,649.99,14.33
Insertion Sort,Small,145.72,45.91,204.99,6.28
Insertion Sort,Small,126.85,30.61,382.16,3.08
Insertion Sort,Small,148.38,65.35,322.98,8.42
Insertion Sort,Small,159.21,73.02,377.41,12.74
Insertion Sort,Small,138.96,88.86,198.26,9.15
Insertion Sort,Medium,345.7,40.59,593.08,13.17
Insertion Sort,Medium,331.94,89.43,281.21,13.8
Insertion Sort,Medium,336.68,33.28,155.01,11.5
Insertion Sort,Medium,262.85,58.89,276.09,4.88
Insertion Sort,Medium,306.56,61.52,332.35,6.51
Insertion Sort,Medium,283.56,92.65,495.7,2.79
Insertion Sort,Medium,350.69,49.59,183.9,11.98
Insertion Sort,Medium,314.29,69.39,455.08,3.17
Insertion Sort,Medium,330.15,43.51,417.32,9.31
Insertion Sort,Medium,290.22,48.43,670.6,13.03
Insertion Sort,Medium,308.48,36.9,410.89,4.51
Insertion Sort,Medium,326.07,93.59,220.36,8.59
Insertion Sort,Medium,361.73,38.39,375.28,5.93
Insertion Sort,Medium,279.32,87.7,153.13,13.92
Insertion Sort,Medium,304.44,81.3,147.79,14.59
Insertion Sort,Medium,345.6,64.23,302.87,7.03
Insertion Sort,Medium,323.22,58.78,670.88,5.57
Insertion Sort,Medium,310.43,64.59,404.94,11.29
Insertion Sort,Medium,340.93,42.29,456.89,5.19
Insertion Sort,Medium,294.92,86.01,667.05,8.98
Insertion Sort,Medium,283.02,33.24,283.05,10.68
Insertion Sort,Medium,299.47,64.69,668.1,7.45
Insertion Sort,Medium,316.79,63.32,282.63,8.19
Insertion Sort,Medium,378.27,60.6,532.79,14.26
Insertion Sort,Medium,311.45,62.26,440.34,4.61
Insertion Sort,Medium,316.81,79.43,691.41,14.32
Insertion Sort,Medium,328.86,75.79,388.69,9.26
Insertion Sort,Medium,312.85,85.22,403.68,7.17
Insertion Sort,Medium,401.09,42.29,643.52,10.93
Insertion Sort,Medium,313.08,71.16,186.71,10.05
Insertion Sort,Medium,246.94,68.27,180.86,7.89
Insertion Sort,Medium,340.52,41.36,692.65,9.51
Insertion Sort,Medium,286.56,36.16,686.25,6.08
Insertion Sort,Medium,355.91,57.55,500.42,2.81
Insertion Sort,Medium,324.82,48.08,165.12,4.53
Insertion Sort,Medium,360.86,88.18,521.03,5.62
Insertion Sort,Medium,325.53,67.21,360.58,7.05
Insertion Sort,Medium,307.4,44.09,511.68,14.63
Insertion Sort,Medium,330.75,57.57,384.61,5.68
Insertion Sort,Medium,284.1,83.63,406.6,9.29
Insertion Sort,Medium,292.36,35.58,537.05,4.95
Insertion Sort,Medium,303.04,74.85,352.51,7.7
Insertion Sort,Medium,253.29,36.54,306.49,10.8
Insertion Sort,Medium,304.46,73.28,293.15,8.25
Insertion Sort,Medium,303.0,31.5,641.15,5.13
Insertion Sort,Medium,302.01,44.79,289.37,4.09
Insertion Sort,Medium,300.93,38.72,497.51,6.75
Insertion Sort,Medium,326.25,76.02,447.73,5.7
Insertion Sort,Medium,295.48,64.87,379.17,5.85
Insertion Sort,Medium,329.64,69.26,626.66,14.99
Insertion Sort,Medium,275.64,44.64,276.54,8.49
Insertion Sort,Medium,370.17,53.87,650.87,7.1
Insertion Sort,Medium,278.03,84.38,500.95,10.18
Insertion Sort,Medium,274.39,51.72,596.21,2.98
Insertion Sort,Medium,321.13,55.89,413.39,10.84
Insertion Sort,Medium,352.75,30.83,626.78,8.08
Insertion Sort,Medium,293.19,58.57,412.9,7.55
Insertion Sort,Medium,308.36,74.11,369.91,14.52
Insertion Sort,Medium,357.73,37.11,356.46,6.71
Insertion Sort,Medium,332.18,67.02,620.83,3.48
Insertion Sort,Medium,339.38,65.29,604.75,4.06
Insertion Sort,Medium,287.03,38.44,447.39,14.33
Insertion Sort,Medium,267.43,69.43,660.36,12.96
Insertion Sort,Medium,294.18,94.71,142.86,3.91
Insertion Sort,Medium,355.43,48.54,266.35,12.34
Insertion Sort,Medium,332.1,33.66,340.55,8.82
Insertion Sort,Medium,370.2,53.06,479.23,9.82
Insertion Sort,Medium,333.25,65.6,495.08,5.74
Insertion Sort,Medium,320.03,84.63,529.74,12.36
Insertion Sort,Medium,273.67,52.81,360.65,7.42
Insertion Sort,Medium,324.1,40.84,156.61,12.24
Insertion Sort,Medium,320.76,46.42,602.9,11.3
Insertion Sort,Medium,316.31,73.03,394.97,10.38
Insertion Sort,Medium,338.08,59.22,237.52,8.85
Insertion Sort,Medium,361.04,77.81,508.36,3.92
Insertion Sort,Medium,323.78,76.84,415.17,13.68
Insertion Sort,Medium,340.58,39.63,555.4,2.6
Insertion Sort,Medium,255.39,40.96,461.05,11.43
Insertion Sort,Medium,327.2,73.67,354.77,2.52
Insertion Sort,Medium,334.59,37.81,434.7,10.94
Insertion Sort,Medium,367.71,63.92,172.28,4.9
Insertion Sort,Medium,302.93,84.6,543.2,13.68
Insertion Sort,Medium,290.05,67.71,645.3,6.5
Insertion Sort,Medium,335.56,73.57,237.11,10.31
Insertion Sort,Medium,286.58,50.36,231.94,13.77
Insertion Sort,Medium,301.07,55.82,269.81,8.11
Insertion Sort,Medium,354.2,93.13,379.68,13.26
Insertion Sort,Medium,294.89,66.78,219.62,11.13
Insertion Sort,Medium,385.36,87.83,381.05,13.76
Insertion Sort,Medium,325.83,78.79,408.5,10.04
Insertion Sort,Medium,310.47,51.23,485.29,3.2
Insertion Sort,Medium,323.5,31.55,386.51,6.66
Insertion Sort,Medium,270.98,40.71,522.81,8.93
Insertion Sort,Medium,307.26,43.01,312.17,9.9
Insertion Sort,Medium,344.61,76.56,511.55,8.46
Insertion Sort,Medium,344.52,71.75,151.87,10.27
Insertion Sort,Medium,320.06,53.24,288.13,10.54
Insertion Sort,Medium,365.99,75.03,626.45,6.78
Insertion Sort,Medium,330.24,87.38,430.85,8.97
Insertion Sort,Medium,365.01,67.56,557.11,14.56
Insertion Sort,Large,651.48,69.97,404.98,3.67
Insertion Sort,Large,671.67,79.93,555.92,6.4
Insertion Sort,Large,676.02,34.7,632.23,5.71
Insertion Sort,Large,635.08,68.54,663.52,10.98
Insertion Sort,Large,701.22,52.36,288.04,14.96
Insertion Sort,Large,626.88,78.8,497.49,6.94
Insertion Sort,Large,696.46,64.93,609.25,2.92
Insertion Sort,Large,659.61,53.84,265.13,8.09
Insertion Sort,Large,657.93,66.01,660.57,2.57
Insertion Sort,Large,648.79,78.64,644.74,4.25
Insertion Sort,Large,645.12,90.69,439.16,9.09
Insertion Sort,Large,623.86,39.17,130.45,12.63
Insertion Sort,Large,656.99,89.45,248.93,10.82
Insertion Sort,Large,628.46,35.12,474.14,4.55
Insertion Sort,Large,623.14,60.12,471.68,4.64
Insertion Sort,Large,681.89,78.21,302.5,10.78
Insertion Sort,Large,664.42,38.33,372.45,5.59
Insertion Sort,Large,623.81,78.64,279.36,13.52
Insertion Sort,Large,646.57,69.9,180.0,7.39
Insertion Sort,Large,654.43,76.37,505.87,10.31
Insertion Sort,Large,625.52,36.69,539.84,8.8
Insertion Sort,Large,606.35,76.07,271.9,6.56
Insertion Sort,Large,682.7,88.32,425.38,8.19
Insertion Sort,Large,632.86,32.0,631.15,2.66
Insertion Sort,Large,649.5,52.23,656.8,2.8
Insertion Sort,Large,670.5,67.79,442.89,5.24
Insertion Sort,Large,706.77,77.26,130.41,14.21
Insertion Sort,Large,623.49,40.69,263.14,5.79
Insertion Sort,Large,671.74,46.7,141.92,5.29
Insertion Sort,Large,663.45,33.67,188.94,7.89
Insertion Sort,Large,652.77,46.48,666.11,13.82
Insertion Sort,Large,603.06,66.84,332.02,7.26
Insertion Sort,Large,697.38,59.36,618.34,14.3
Insertion Sort,Large,631.65,51.84,449.6,3.69
Insertion Sort,Large,638.56,43.4,629.64,4.48
Insertion Sort,Large,610.39,59.62,475.25,11.15
Insertion Sort,Large,678.92,66.94,380.52,3.34
Insertion Sort,Large,640.84,60.2,597.82,10.18
Insertion Sort,Large,649.31,37.7,137.77,6.29
Insertion Sort,Large,688.36,75.37,580.45,6.2
Insertion Sort,Large,568.62,56.68,261.87,4.2
Insertion Sort,Large,645.52,42.78,161.54,4.98
Insertion Sort,Large,633.43,53.26,134.82,12.99
Insertion Sort,Large,617.09,32.08,665.9,13.65
Insertion Sort,Large,718.76,72.5,350.62,10.59
Insertion Sort,Large,706.02,32.91,160.81,8.22
Insertion Sort,Large,679.52,36.8,598.91,5.13
Insertion Sort,Large,653.78,55.62,310.46,7.5
Insertion Sort,Large,650.37,82.11,381.67,8.63
Insertion Sort,Large,614.1,85.17,532.45,8.63
Insertion Sort,Large,665.62,67.51,256.05,5.86
Insertion Sort,Large,640.17,82.2,155.16,14.9
Insertion Sort,Large,658.74,55.66,410.56,13.51
Insertion Sort,Large,639.09,56.84,436.37,3.12
Insertion Sort,Large,627.32,37.39,364.25,10.6
Insertion Sort,Large,660.81,76.28,231.72,3.49
Insertion Sort,Large,631.85,83.42,568.47,9.96
Insertion Sort,Large,664.93,51.92,279.63,4.02
Insertion Sort,Large,729.14,53.36,400.95,7.04
Insertion Sort,Large,659.06,71.67,643.72,4.55
Insertion Sort,Large,619.9,70.62,545.46,14.15
Insertion Sort,Large,640.06,48.13,671.62,3.29
Insertion Sort,Large,631.99,88.1,431.99,10.87
Insertion Sort,Large,654.19,84.05,215.68,2.98
Insertion Sort,Large,639.13,38.38,397.02,9.98
Insertion Sort,Large,672.25,32.01,286.69,2.91
Insertion Sort,Large,677.31,93.87,493.12,4.52
Insertion Sort,Large,644.49,88.88,424.26,4.42
Insertion Sort,Large,653.4,77.56,534.23,5.0
Insertion Sort,Large,655.58,43.72,522.33,5.25
Insertion Sort,Large,693.46,80.96,388.36,12.4
Insertion Sort,Large,640.55,84.51,503.22,5.36
Insertion Sort,Large,622.13,37.59,285.7,5.12
Insertion Sort,Large,615.98,59.6,647.81,3.81
Insertion Sort,Large,678.76,36.22,655.87,9.61
Insertion Sort,Large,683.83,53.64,561.23,5.72
Insertion Sort,Large,647.95,84.56,385.46,10.46
Insertion Sort,Large,650.86,44.38,515.93,12.15
Insertion Sort,Large,719.74,59.66,639.63,8.72
Insertion Sort,Large,634.13,84.72,586.77,7.63
Insertion Sort,Large,635.25,83.7,259.75,9.06
Insertion Sort,Large,607.62,82.4,331.48,10.53
Insertion Sort,Large,636.7,81.63,186.41,5.89
Insertion Sort,Large,641.34,85.58,327.49,14.66
Insertion Sort,Large,622.22,75.99,147.77,13.38
Insertion Sort,Large,646.59,39.01,202.57,4.7
Insertion Sort,Large,650.95,82.09,356.65,6.7
Insertion Sort,Large,652.27,45.24,403.97,9.4
Insertion Sort,Large,609.39,91.66,226.76,14.57
Insertion Sort,Large,672.03,30.97,404.24,6.67
Insertion Sort,Large,714.37,58.31,366.46,11.66
Insertion Sort,Large,603.65,74.58,604.96,5.62
Insertion Sort,Large,691.71,54.03,407.05,6.42
Insertion Sort,Large,703.62,39.22,251.87,3.82
Insertion Sort,Large,683.57,91.79,545.92,3.15
Insertion Sort,Large,688.23,87.48,621.72,8.04
Insertion Sort,Large,660.73,64.6,646.03,3.54
Insertion Sort,Large,651.94,42.42,381.23,9.81
Insertion Sort,Large,634.54,82.08,474.5,4.98
Insertion Sort,Large,646.2,62.16,553.12,12.13
Insertion Sort,Extra Large,1041.74,93.29,508.12,7.6
Insertion Sort,Extra Large,1099.89,48.23,546.73,5.53
Insertion Sort,Extra Large,1103.5,48.85,488.48,3.97
Insertion Sort,Extra Large,1061.43,72.57,291.48,2.5
Insertion Sort,Extra Large,1089.03,80.59,476.89,14.64
Insertion Sort,Extra Large,1115.13,54.28,518.43,3.29
Insertion Sort,Extra Large,1113.18,65.03,294.09,4.0
Insertion Sort,Extra Large,1097.05,75.73,497.57,7.17
Insertion Sort,Extra Large,1114.74,50.86,273.78,9.18
Insertion Sort,Extra Large,1093.13,83.55,188.79,14.29
Insertion Sort,Extra Large,1083.48,76.28,349.43,7.53
Insertion Sort,Extra Large,1115.29,80.91,678.79,4.08
Insertion Sort,Extra Large,1081.14,54.46,337.02,3.15
Insertion Sort,Extra Large,1021.46,74.56,378.64,4.93
Insertion Sort,Extra Large,1115.16,61.62,300.12,10.48
Insertion Sort,Extra Large,1115.84,48.73,264.52,11.63
Insertion Sort,Extra Large,1077.02,45.66,663.59,9.0
Insertion Sort,Extra Large,1086.16,53.71,627.83,7.44
Insertion Sort,Extra Large,1067.05,54.56,310.51,10.97
Insertion Sort,Extra Large,1081.43,48.82,459.0,3.32
Insertion Sort,Extra Large,1088.58,90.9,345.03,10.8
Insertion Sort,Extra Large,1061.92,46.58,202.41,3.23
Insertion Sort,Extra Large,1074.51,41.31,563.63,2.7
Insertion Sort,Extra Large,1085.51,66.26,346.29,8.83
Insertion Sort,Extra Large,1045.11,49.18,548.04,13.39
Insertion Sort,Extra Large,1118.48,42.52,185.64,13.72
Insertion Sort,Extra Large,1120.8,53.37,201.71,9.87
Insertion Sort,Extra Large,1039.17,64.13,245.71,8.15
Insertion Sort,Extra Large,1112.07,36.3,442.37,11.28
Insertion Sort,Extra Large,1139.63,81.53,488.6,4.41
Insertion Sort,Extra Large,1129.92,31.59,364.7,6.66
Insertion Sort,Extra Large,1135.46,73.51,253.2,9.89
Insertion Sort,Extra Large,1131.96,46.37,689.19,10.17
Insertion Sort,Extra Large,1092.26,81.58,178.79,4.79
Insertion Sort,Extra Large,1063.3,69.75,526.74,6.78
Insertion Sort,Extra Large,1142.74,37.02,169.7,9.86
Insertion Sort,Extra Large,1150.77,63.13,370.79,7.48
Insertion Sort,Extra Large,1104.33,31.72,321.27,14.7
Insertion Sort,Extra Large,1088.94,68.21,612.96,8.02
Insertion Sort,Extra Large,1124.21,31.17,172.47,8.88
Insertion Sort,Extra Large,1117.37,70.15,497.32,2.85
Insertion Sort,Extra Large,1113.8,83.85,579.32,5.74
Insertion Sort,Extra Large,1071.47,32.62,244.65,4.73
Insertion Sort,Extra Large,1120.88,51.95,368.52,8.86
Insertion Sort,Extra Large,1047.47,31.9,474.91,7.45
Insertion Sort,Extra Large,1094.68,49.41,624.16,11.83
Insertion Sort,Extra Large,1099.51,38.51,526.85,5.08
Insertion Sort,Extra Large,1134.71,58.68,167.05,12.82
Insertion Sort,Extra Large,1096.76,78.38,483.08,12.54
Insertion Sort,Extra Large,1133.36,58.07,577.91,8.28
Insertion Sort,Extra Large,1099.34,60.07,577.49,12.77
Insertion Sort,Extra Large,1121.22,66.04,232.48,8.35
Insertion Sort,Extra Large,1164.29,83.95,158.09,13.16
Insertion Sort,Extra Large,1085.91,65.65,242.47,6.47
Insertion Sort,Extra Large,1107.61,33.36,220.37,12.66
Insertion Sort,Extra Large,1046.21,38.62,263.04,8.17
Insertion Sort,Extra Large,1147.83,59.08,580.22,10.23
Insertion Sort,Extra Large,1103.11,37.35,219.11,7.96
Insertion Sort,Extra Large,1144.09,67.75,351.24,4.63
Insertion Sort,Extra Large,1081.33,44.74,458.04,7.79
Insertion Sort,Extra Large,1061.32,73.09,615.95,5.72
Insertion Sort,Extra Large,1101.75,61.95,686.05,6.67
Insertion Sort,Extra Large,1075.71,69.39,181.09,14.49
Insertion Sort,Extra Large,1105.63,76.52,579.25,11.3
Insertion Sort,Extra Large,1063.21,85.79,675.4,8.74
Insertion Sort,Extra Large,1165.9,90.55,462.5,9.23
Insertion Sort,Extra Large,1056.84,30.24,267.66,8.87
Insertion Sort,Extra Large,1093.24,54.7,385.64,14.76
Insertion Sort,Extra Large,1080.36,38.68,157.34,12.19
Insertion Sort,Extra Large,1038.51,67.09,563.6,4.37
Insertion Sort,Extra Large,1052.96,44.82,136.57,4.13
Insertion Sort,Extra Large,1113.72,50.1,196.62,14.82
Insertion Sort,Extra Large,1077.19,42.94,464.99,3.3
Insertion Sort,Extra Large,1088.19,86.06,678.05,5.58
Insertion Sort,Extra Large,1088.09,71.65,365.94,5.88
Insertion Sort,Extra Large,1098.76,43.44,502.79,7.7
Insertion Sort,Extra Large,1116.59,66.73,619.44,3.97
Insertion Sort,Extra Large,1071.9,81.07,513.9,3.94
Insertion Sort,Extra Large,1083.65,91.42,210.72,10.54
Insertion Sort,Extra Large,1154.5,54.83,675.38,6.62
Insertion Sort,Extra Large,1124.99,94.71,274.02,7.96
Insertion Sort,Extra Large,1081.09,63.81,298.11,2.69
Insertion Sort,Extra Large,1078.4,58.83,227.53,13.42
Insertion Sort,Extra Large,1072.28,75.82,178.56,10.63
Insertion Sort,Extra Large,1111.07,30.2,271.32,14.1
Insertion Sort,Extra Large,1103.73,90.59,540.73,12.07
Insertion Sort,Extra Large,1100.91,45.05,233.29,12.63
Insertion Sort,Extra Large,1073.08,38.78,397.13,14.23
Insertion Sort,Extra Large,1100.48,41.06,310.18,7.81
Insertion Sort,Extra Large,1104.3,50.11,289.96,14.65
Insertion Sort,Extra Large,1114.19,30.03,469.82,13.95
Insertion Sort,Extra Large,1078.91,48.72,235.75,10.65
Insertion Sort,Extra Large,1129.91,50.76,273.76,14.45
Insertion Sort,Extra Large,1133.82,90.01,390.67,13.08
Insertion Sort,Extra Large,1033.41,40.19,373.05,9.22
Insertion Sort,Extra Large,1058.01,31.46,383.14,12.27
Insertion Sort,Extra Large,1132.18,89.12,140.28,9.46
Insertion Sort,Extra Large,1142.86,81.18,438.56,6.55
Insertion Sort,Extra Large,1131.45,68.08,514.29,12.55
Insertion Sort,Extra Large,1097.57,72.85,356.89,8.92
